date,agentic
2018-01-02,0.9996718312364322
2018-01-03,1.0023006532582661
2018-01-04,1.0025868315974957
2018-01-05,1.006695599909489
2018-01-08,1.0091491332263705
2018-01-09,1.0067849271713294
2018-01-10,1.005412045456975
2018-01-11,1.009145528506695
2018-01-12,1.0128771961936487
2018-01-15,1.0151565527633808
2018-01-16,1.016966338245381
2018-01-17,1.0159573463568068
2018-01-18,1.0153081533378832
2018-01-19,1.012775701443607
2018-01-22,1.0132776684949059
2018-01-23,1.0199298556565914
2018-01-24,1.0194718055482304
2018-01-25,1.023139785900797
2018-01-26,1.0248806862386328
2018-01-29,1.024648164906273
2018-01-30,1.0179989184809968
2018-01-31,1.017526393759739
2018-02-01,1.015340254789012
2018-02-02,1.008751297819886
2018-02-05,1.0039471185745672
2018-02-06,0.9945363166964303
2018-02-07,0.9880209426026757
2018-02-08,0.9847477569150436
2018-02-09,0.9790444108232293
2018-02-12,0.9821193617972988
2018-02-13,0.9813683137096341
2018-02-14,0.9836165557090996
2018-02-15,0.9861296986959425
2018-02-16,0.9872219125101428
2018-02-19,0.9943991294690161
2018-02-20,0.989083911615584
2018-02-21,0.9876309493838276
2018-02-22,0.9874239150992883
2018-02-23,0.994172331673751
2018-02-26,0.9992225745312762
2018-02-27,0.9970429410992052
2018-02-28,0.9921050426127458
2018-03-01,0.9910688039832792
2018-03-02,0.9902846214821734
2018-03-05,0.9915285327344053
2018-03-06,0.9895088105878442
2018-03-07,0.9872183228153724
2018-03-08,0.9904924685186246
2018-03-09,0.9929789561217796
2018-03-12,0.9973976970141166
2018-03-13,0.9974669081661447
2018-03-14,0.9966756608904371
2018-03-15,0.9979927561979255
2018-03-16,0.997321976222572
2018-03-19,0.9929081899787813
2018-03-20,0.9924997739123445
2018-03-21,0.9923833224393478
2018-03-22,0.9908708784511424
2018-03-23,0.980293998892703
2018-03-26,0.9864935889763574
2018-03-27,0.988893838888792
2018-03-28,0.9864706454916845
2018-03-29,0.9896901971720498
2018-03-30,0.9908878992142904
2018-04-02,0.9866546129319677
2018-04-03,0.9859550890645342
2018-04-04,0.9855147722553789
2018-04-05,0.9883029204176369
2018-04-06,0.9859366844093544
2018-04-09,0.9876674837198368
2018-04-10,0.990960925982655
2018-04-11,0.992475230023645
2018-04-12,0.9933216496975145
2018-04-13,0.9933120972741877
2018-04-16,0.9949895965042347
2018-04-17,0.9962612102676268
2018-04-18,0.9961332605648597
2018-04-19,0.9931806862059498
2018-04-20,0.9885214294820202
2018-04-23,0.9868850920289599
2018-04-24,0.9840710845618517
2018-04-25,0.9806780095423312
2018-04-26,0.9852075285340336
2018-04-27,0.9883219335017002
2018-04-30,0.9874235892071673
2018-05-01,0.986228530420093
2018-05-02,0.9825979204159012
2018-05-03,0.982304792628569
2018-05-04,0.982610577805706
2018-05-07,0.9823527643372656
2018-05-08,0.981242808464289
2018-05-09,0.9821122316502491
2018-05-10,0.986394559317939
2018-05-11,0.9895303529056516
2018-05-14,0.9883929135501635
2018-05-15,0.9844928349145237
2018-05-16,0.9825457984793745
2018-05-17,0.9837549498226807
2018-05-18,0.9854959997167028
2018-05-21,0.9874206900673985
2018-05-22,0.9865166973573427
2018-05-23,0.9877974218147142
2018-05-24,0.9897593107453238
2018-05-25,0.9908611718802485
2018-05-28,0.9900063515810026
2018-05-29,0.9901900437802155
2018-05-30,0.9894069022332243
2018-05-31,0.9897622545660356
2018-06-01,0.9903647276663078
2018-06-04,0.9903068621121752
2018-06-05,0.9911725625700214
2018-06-06,0.9907085404133333
2018-06-07,0.9954337578985859
2018-06-08,0.9940158210006137
2018-06-11,0.995178322799051
2018-06-12,0.9959541802927239
2018-06-13,0.9949604340693131
2018-06-14,0.994500903993284
2018-06-15,0.9946945449129945
2018-06-18,0.9898084677409552
2018-06-19,0.9871073306584441
2018-06-20,0.9880206310031228
2018-06-21,0.9869494991808468
2018-06-22,0.988275941952241
2018-06-25,0.9884931892515747
2018-06-26,0.9868416995541635
2018-06-27,0.9877478497212331
2018-06-28,0.987268208324559
2018-06-29,0.9878395837714735
2018-07-02,0.9840559284565358
2018-07-03,0.9846089786505461
2018-07-04,0.9842806900885042
2018-07-05,0.9859774247349197
2018-07-06,0.9905051894760465
2018-07-09,0.9923531328954577
2018-07-10,0.9944560035002175
2018-07-11,0.9909433642198457
2018-07-12,0.993304719419053
2018-07-13,0.9964130637526719
2018-07-16,0.9950760911802436
2018-07-17,0.9927843085107727
2018-07-18,0.9918979020308513
2018-07-19,0.9916730179320306
2018-07-20,0.9900374401638871
2018-07-23,0.9850382137110373
2018-07-24,0.9867760925892957
2018-07-25,0.9878383706458599
2018-07-26,0.9908776943391233
2018-07-27,0.9904331888240001
2018-07-30,0.9878713340696841
2018-07-31,0.9906978205712235
2018-08-01,0.9895406507920921
2018-08-02,0.9877509642129763
2018-08-03,0.991296585822546
2018-08-06,0.9918739529590712
2018-08-07,0.9932691524087884
2018-08-08,0.9928317466351466
2018-08-09,0.9933009834858236
2018-08-10,0.9931130307757995
2018-08-13,0.9885190471012304
2018-08-14,0.9897421835558847
2018-08-15,0.9902624907280017
2018-08-16,0.9887175844073824
2018-08-17,0.9911170956456663
2018-08-20,0.9931016150819267
2018-08-21,0.9966877669319458
2018-08-22,0.9957346331273085
2018-08-23,0.9976532408919745
2018-08-24,1.0000264886340056
2018-08-27,1.0023726890680615
2018-08-28,1.0019638802110338
2018-08-29,1.002781272506645
2018-08-30,1.0023683236630105
2018-08-31,1.005773644670765
2018-09-03,1.0041572050254661
2018-09-04,1.0052963364302552
2018-09-05,1.0035638251004821
2018-09-06,1.0042789810198436
2018-09-07,1.002290945478294
2018-09-10,1.0032504289479902
2018-09-11,1.002178616801728
2018-09-12,1.0040236059649281
2018-09-13,1.0049596296691676
2018-09-14,1.0059997913683316
2018-09-17,1.004550928228138
2018-09-18,1.0045750851927333
2018-09-19,1.0032182250498227
2018-09-20,1.0047000344588841
2018-09-21,1.005793367572545
2018-09-24,1.0046273107732664
2018-09-25,1.0039414213127216
2018-09-26,1.0040012268089453
2018-09-27,1.0061826480107368
2018-09-28,1.0048739395526283
2018-10-01,1.00528027514841
2018-10-02,1.004404761108932
2018-10-03,1.0039768381204257
2018-10-04,0.9991822659742087
2018-10-05,0.9959850016526495
2018-10-08,0.9932823543942144
2018-10-09,0.9930744670214158
2018-10-10,0.9888187523510774
2018-10-11,0.9778858681686174
2018-10-12,0.980662013455861
2018-10-15,0.9791046707729308
2018-10-16,0.981985325019574
2018-10-17,0.9850118926006888
2018-10-18,0.9817705356214725
2018-10-19,0.9817990372633584
2018-10-22,0.9810548482264075
2018-10-23,0.9772671963655974
2018-10-24,0.9724541828897793
2018-10-25,0.9712564497279728
2018-10-26,0.9681701524590307
2018-10-29,0.9664365002706581
2018-10-30,0.9689287372620512
2018-10-31,0.9691819493355668
2018-11-01,0.9704450008897915
2018-11-02,0.97405006598181
2018-11-05,0.9723222261676833
2018-11-06,0.974383473887057
2018-11-07,0.9747415820429016
2018-11-08,0.9775454984581836
2018-11-09,0.9760034947465029
2018-11-12,0.9732525217391981
2018-11-13,0.970120065478237
2018-11-14,0.9683473548128386
2018-11-15,0.9714328225403146
2018-11-16,0.9728843271608911
2018-11-19,0.974172105870959
2018-11-20,0.9675596780697949
2018-11-21,0.9673792686743631
2018-11-22,0.9673502191904602
2018-11-23,0.9658321593754777
2018-11-26,0.9691731257981463
2018-11-27,0.9718719808222586
2018-11-28,0.9745242331950678
2018-11-29,0.9752090882235567
2018-11-30,0.9770614278931303
2018-12-03,0.9819331484705041
2018-12-04,0.9768807449160283
2018-12-05,0.9762869728707909
2018-12-06,0.9746993445522792
2018-12-07,0.9722342042547656
2018-12-10,0.9712363618106726
2018-12-11,0.9704917161742685
2018-12-12,0.9744587152040046
2018-12-13,0.9750277203180888
2018-12-14,0.9709519255401955
2018-12-17,0.9681809983952301
2018-12-18,0.965567958931518
2018-12-19,0.9648597094048964
2018-12-20,0.9608114151220986
2018-12-21,0.9570865687279501
2018-12-24,0.9519304993486594
2018-12-26,0.9552701288186178
2018-12-27,0.961249500101008
2018-12-28,0.9619998576891137
2018-12-31,0.9633423131108435
2019-01-02,0.9627919436354092
2019-01-03,0.9612209517583787
2019-01-04,0.9665929345610798
2019-01-07,0.9693514180621369
2019-01-08,0.970725963685411
2019-01-09,0.9725173381314894
2019-01-10,0.9736079869169396
2019-01-11,0.9738078352001297
2019-01-14,0.9731446057672599
2019-01-15,0.9756543113813825
2019-01-16,0.9755976247980818
2019-01-17,0.9770252586792936
2019-01-18,0.9800920660041423
2019-01-21,0.9797250393266984
2019-01-22,0.9784639626201022
2019-01-23,0.9797460515263005
2019-01-24,0.9805382791570983
2019-01-25,0.9824620808712694
2019-01-28,0.9809022586012706
2019-01-29,0.9799259434616522
2019-01-30,0.9831839176080935
2019-01-31,0.9874108550056176
2019-02-01,0.9900285441247472
2019-02-04,0.9908038879290638
2019-02-05,0.9914061531696543
2019-02-06,0.9916469841920207
2019-02-07,0.99106916761891
2019-02-08,0.9901636285972499
2019-02-11,0.9923886342288876
2019-02-12,0.9934966362987572
2019-02-13,0.995564414145414
2019-02-14,0.9956585516210719
2019-02-15,0.9980379978574749
2019-02-18,0.9992548948492633
2019-02-19,1.000016234600315
2019-02-20,1.0014918315586914
2019-02-21,1.0002976501874699
2019-02-22,1.0004942628818134
2019-02-25,1.0018622235041317
2019-02-26,1.0001442513010195
2019-02-27,1.0016795527361566
2019-02-28,0.9998596688952699
2019-03-01,1.0004131804975245
2019-03-04,0.9978376336675462
2019-03-05,0.9973629734788789
2019-03-06,0.9976144557031155
2019-03-07,0.995730887295024
2019-03-08,0.9968577130224274
2019-03-11,0.9991801493425095
2019-03-12,1.001090957306362
2019-03-13,1.0036066625463596
2019-03-14,1.0032313177670074
2019-03-15,1.005322179967619
2019-03-18,1.0061638559685524
2019-03-19,1.0057958321465412
2019-03-20,1.0052945515729572
2019-03-21,1.0091374873676942
2019-03-22,1.007860796816458
2019-03-25,1.007502030118578
2019-03-26,1.0098321202241107
2019-03-27,1.0109275139100433
2019-03-28,1.012285356283787
2019-03-29,1.0135228532197909
2019-04-01,1.0155079982881918
2019-04-02,1.015684840345552
2019-04-03,1.0171527087595706
2019-04-04,1.0183090514084732
2019-04-05,1.0180829289269915
2019-04-08,1.0211229823359955
2019-04-09,1.0207276614802894
2019-04-10,1.0216800134369692
2019-04-11,1.0226125409957854
2019-04-12,1.0223459032252376
2019-04-15,1.0203162969906698
2019-04-16,1.0212079920949455
2019-04-17,1.0205821745020351
2019-04-18,1.0203625788605624
2019-04-19,1.0213080536794064
2019-04-22,1.0215469192802566
2019-04-23,1.0233489879037092
2019-04-24,1.0245397458036611
2019-04-25,1.0256526647034785
2019-04-26,1.0252407197253992
2019-04-29,1.026908727052635
2019-04-30,1.0290039282187713
2019-05-01,1.027814016478878
2019-05-02,1.0260624898448916
2019-05-03,1.0261958058747902
2019-05-06,1.0254929156112336
2019-05-07,1.0229170603472058
2019-05-08,1.0214620689459892
2019-05-09,1.0186284015637197
2019-05-10,1.019613204911818
2019-05-13,1.0155334331353538
2019-05-14,1.016122046353671
2019-05-15,1.0191962437127842
2019-05-16,1.0207042217605338
2019-05-17,1.0200806840570045
2019-05-20,1.0179854439015625
2019-05-21,1.0185092051119375
2019-05-22,1.0176634616229603
2019-05-23,1.014625878784869
2019-05-24,1.0150562329919015
2019-05-27,1.014373794735275
2019-05-28,1.0143705042232063
2019-05-29,1.0144304447484769
2019-05-30,1.0146899567341343
2019-05-31,1.0149622584288815
2019-06-03,1.0158964391525607
2019-06-04,1.0195479344959864
2019-06-05,1.021853479249188
2019-06-06,1.0229428034440085
2019-06-07,1.024946946939934
2019-06-10,1.0285895658521078
2019-06-11,1.0287789963962624
2019-06-12,1.0300025499825376
2019-06-13,1.0306242721560896
2019-06-14,1.0315551230878608
2019-06-17,1.0301461428487948
2019-06-18,1.0318042865702406
2019-06-19,1.034627242831056
2019-06-20,1.0401182683456562
2019-06-21,1.039534178138451
2019-06-24,1.0380735439143787
2019-06-25,1.0367972522631286
2019-06-26,1.0354190425793721
2019-06-27,1.0358580098000911
2019-06-28,1.0364266658032781
2019-07-01,1.0394864093946878
2019-07-02,1.040481868919996
2019-07-03,1.0436222479543238
2019-07-04,1.0446665030097069
2019-07-05,1.0447909789883807
2019-07-08,1.0400236784951593
2019-07-09,1.0377413536540219
2019-07-10,1.0382323763431296
2019-07-11,1.0416976263022981
2019-07-12,1.041555882932425
2019-07-15,1.0411474085289487
2019-07-16,1.0414436755838525
2019-07-17,1.0402591113922863
2019-07-18,1.0422211094942637
2019-07-19,1.0447057156981623
2019-07-22,1.0438047785750293
2019-07-23,1.0460587468210465
2019-07-24,1.0463829621256058
2019-07-25,1.0465854813525535
2019-07-26,1.0465996064541605
2019-07-29,1.0438798738942048
2019-07-30,1.0446860549316237
2019-07-31,1.0431705534791096
2019-08-01,1.0402118942515821
2019-08-02,1.0413812335826578
2019-08-05,1.039285672013364
2019-08-06,1.0383782256079006
2019-08-07,1.0405851617401687
2019-08-08,1.0441166858919964
2019-08-09,1.043479764401796
2019-08-12,1.0434996719304492
2019-08-13,1.0474544515814594
2019-08-14,1.0444183341000812
2019-08-15,1.044989445442185
2019-08-16,1.048518863416926
2019-08-19,1.050820057087092
2019-08-20,1.0509377682927927
2019-08-21,1.050442783712438
2019-08-22,1.0520300195701913
2019-08-23,1.0461186973294532
2019-08-26,1.0500800714070748
2019-08-27,1.0475812090187673
2019-08-28,1.052979786507749
2019-08-29,1.0544513200238903
2019-08-30,1.05477726940064
2019-09-02,1.053462122798044
2019-09-03,1.0530088205656116
2019-09-04,1.0548271632367934
2019-09-05,1.0569824809174575
2019-09-06,1.053828658792301
2019-09-09,1.0555321843439027
2019-09-10,1.0542789663586152
2019-09-11,1.0534362488970144
2019-09-12,1.0539443400995947
2019-09-13,1.0537321955547083
2019-09-16,1.0477581258360467
2019-09-17,1.0513272279241268
2019-09-18,1.0531043131963937
2019-09-19,1.05412575205507
2019-09-20,1.054244081374082
2019-09-23,1.0559956194050293
2019-09-24,1.0547916194615012
2019-09-25,1.0556970890479151
2019-09-26,1.0548613332137469
2019-09-27,1.052981471480568
2019-09-30,1.0524139345272758
2019-10-01,1.0510792945452971
2019-10-02,1.0476031399150012
2019-10-03,1.0486528862083884
2019-10-04,1.0523803926828441
2019-10-07,1.0542909599460615
2019-10-08,1.0506443251849382
2019-10-09,1.0518189762707162
2019-10-10,1.0515551056058696
2019-10-11,1.0509663564750196
2019-10-14,1.0510551461105586
2019-10-15,1.0533751488620657
2019-10-16,1.0530189089633493
2019-10-17,1.0520035228679219
2019-10-18,1.0498868903969876
2019-10-21,1.047746182887753
2019-10-22,1.0488390650865014
2019-10-23,1.050578416937598
2019-10-24,1.0516013350822677
2019-10-25,1.0518304857327563
2019-10-28,1.0493168833300794
2019-10-29,1.0469759547946944
2019-10-30,1.0470790359947204
2019-10-31,1.049553291753224
2019-11-01,1.0530503448389543
2019-11-04,1.0526844225307566
2019-11-05,1.0531583379632181
2019-11-06,1.0510819090197892
2019-11-07,1.0525545253764692
2019-11-08,1.0503495658353268
2019-11-11,1.0501936503472218
2019-11-12,1.04946285176868
2019-11-13,1.0506927831496424
2019-11-14,1.053685251720871
2019-11-15,1.0567921430431704
2019-11-18,1.0562651969259176
2019-11-19,1.056791308113383
2019-11-20,1.0569390422933118
2019-11-21,1.0573385554927421
2019-11-22,1.0567590881802829
2019-11-25,1.058139766976223
2019-11-26,1.060211891669468
2019-11-27,1.0623659602583218
2019-11-28,1.0618809086717387
2019-11-29,1.0609941405329044
2019-12-02,1.0584118660447324
2019-12-03,1.0544986229763542
2019-12-04,1.0596878614089753
2019-12-05,1.0593897461381587
2019-12-06,1.061374059316875
2019-12-09,1.060589601529446
2019-12-10,1.0626846825094627
2019-12-11,1.0635145307491645
2019-12-12,1.0672814907394719
2019-12-13,1.0639653139416598
2019-12-16,1.0673033095364797
2019-12-17,1.0679333154900508
2019-12-18,1.0676915242424068
2019-12-19,1.0654062318875797
2019-12-20,1.0658212451384361
2019-12-23,1.0688276151890492
2019-12-24,1.0682282076410925
2019-12-26,1.0701322951250034
2019-12-27,1.0729701416143627
2019-12-30,1.071769397539113
2019-12-31,1.0720782298753149
2020-01-02,1.071142135268279
2020-01-03,1.0763714263262756
2020-01-06,1.078547004020686
2020-01-07,1.0755958357025495
2020-01-08,1.0742874191767218
2020-01-09,1.0709790436616207
2020-01-10,1.0714434325053739
2020-01-13,1.0741221695588932
2020-01-14,1.0743970223158468
2020-01-15,1.0761081694412602
2020-01-16,1.0794285713439555
2020-01-17,1.0785577809630036
2020-01-20,1.0793371513368426
2020-01-21,1.0805408043578246
2020-01-22,1.0819060919607109
2020-01-23,1.0816099889029394
2020-01-24,1.0805362190774206
2020-01-27,1.0785347171547093
2020-01-28,1.0794090049167708
2020-01-29,1.080033791942274
2020-01-30,1.080598780872654
2020-01-31,1.0777610288853579
2020-02-03,1.079948566616473
2020-02-04,1.080479269626186
2020-02-05,1.0837191744891541
2020-02-06,1.0859829844250215
2020-02-07,1.0869605772616788
2020-02-10,1.0878175223172803
2020-02-11,1.0896264496264227
2020-02-12,1.089745991410236
2020-02-13,1.0905274244856074
2020-02-14,1.090423703161075
2020-02-17,1.0918040070186006
2020-02-18,1.0918302726538411
2020-02-19,1.0936498654117919
2020-02-20,1.0961433118924393
2020-02-21,1.0970178925421743
2020-02-24,1.0894792520410153
2020-02-25,1.0876182368607072
2020-02-26,1.084327514701372
2020-02-27,1.074655259186824
2020-02-28,1.0666469180378901
2020-03-02,1.073366875920145
2020-03-03,1.0706165595713384
2020-03-04,1.0831788641176376
2020-03-05,1.079590080308574
2020-03-06,1.0781213143792792
2020-03-09,1.064503589513642
2020-03-10,1.063802179586633
2020-03-11,1.0526112029416816
2020-03-12,1.0263188073376237
2020-03-13,1.0205973042795287
2020-03-16,1.005083283159999
2020-03-17,1.0145874492475562
2020-03-18,0.9895941906569916
2020-03-19,0.9680027907254231
2020-03-20,0.9739728900247037
2020-03-23,0.9648121106756102
2020-03-24,0.9922353682683732
2020-03-25,1.0055682312488565
2020-03-26,1.0159267400466216
2020-03-27,1.0146111687027874
2020-03-30,1.018932373376172
2020-03-31,1.0218732241408417
2020-04-01,1.0109735545668697
2020-04-02,1.0194063875039991
2020-04-03,1.0179184081763797
2020-04-06,1.0350496400579878
2020-04-07,1.0380853314588958
2020-04-08,1.0418193749217743
2020-04-09,1.0486963796858346
2020-04-10,1.0524432496220482
2020-04-13,1.048334992290352
2020-04-14,1.0578413719296447
2020-04-15,1.054802184413944
2020-04-16,1.0609478767936933
2020-04-17,1.0667276325093695
2020-04-20,1.0615445074684442
2020-04-21,1.0590018233888159
2020-04-22,1.0575273820874014
2020-04-23,1.0611388078477244
2020-04-24,1.0618913297106
2020-04-27,1.0654043810906617
2020-04-28,1.0636594393080891
2020-04-29,1.0682890377800285
2020-04-30,1.0664785137375656
2020-05-01,1.0632622353355219
2020-05-04,1.0605632774831661
2020-05-05,1.061619736785215
2020-05-06,1.0633126185097108
2020-05-07,1.0638488356695437
2020-05-08,1.0717687402262182
2020-05-11,1.0702390771188488
2020-05-12,1.0668155596252278
2020-05-13,1.0671104973693566
2020-05-14,1.0681989959577585
2020-05-15,1.0728722742691184
2020-05-18,1.0799649839387828
2020-05-19,1.07948010531566
2020-05-20,1.0852815138037082
2020-05-21,1.0878006792205333
2020-05-22,1.0856856691864631
2020-05-25,1.0905210612057208
2020-05-26,1.0944410623678427
2020-05-27,1.094469653133403
2020-05-28,1.0938784248804474
2020-05-29,1.0942857602028635
2020-06-01,1.097936658048041
2020-06-02,1.1015677870607128
2020-06-03,1.104625582644448
2020-06-04,1.1035577078828822
2020-06-05,1.1041531440321013
2020-06-08,1.1067764321499878
2020-06-09,1.1080108483606859
2020-06-10,1.1073515776691798
2020-06-11,1.1012250436342994
2020-06-12,1.09737448936098
2020-06-15,1.0902269723743583
2020-06-16,1.1027506754829322
2020-06-17,1.1046072263279758
2020-06-18,1.1047025813883984
2020-06-19,1.103945528357903
2020-06-22,1.1074276784927455
2020-06-23,1.107758522239147
2020-06-24,1.1039855302867383
2020-06-25,1.102865749637903
2020-06-26,1.101671391334418
2020-06-29,1.0989968142522883
2020-06-30,1.103487442786288
2020-07-01,1.101808209105237
2020-07-02,1.105900028108647
2020-07-06,1.1118310616059113
2020-07-07,1.112128400275573
2020-07-08,1.1143321798387555
2020-07-09,1.1145518509430732
2020-07-10,1.118131289006282
2020-07-13,1.120951600881986
2020-07-14,1.1206728547741607
2020-07-15,1.1246255764186783
2020-07-16,1.1246733101295945
2020-07-17,1.1272887676401182
2020-07-20,1.1271866128635282
2020-07-21,1.1319396760640634
2020-07-22,1.1342275287942583
2020-07-23,1.1358458723709177
2020-07-24,1.1338555036891151
2020-07-27,1.1369213056128662
2020-07-28,1.1383132584386937
2020-07-29,1.139690702586051
2020-07-30,1.1406098293949103
2020-07-31,1.1403144103310046
2020-08-03,1.1413861140247736
2020-08-04,1.1450675445074348
2020-08-05,1.1512340430052228
2020-08-06,1.1530195052172432
2020-08-07,1.1562637590355906
2020-08-10,1.1559078157476699
2020-08-11,1.15542464762289
2020-08-12,1.149152451166872
2020-08-13,1.1523033923517687
2020-08-14,1.148850642835904
2020-08-17,1.148571178198539
2020-08-18,1.1466800976392912
2020-08-19,1.1495228215747848
2020-08-20,1.1406217586706693
2020-08-21,1.1428525008669608
2020-08-24,1.150102085222968
2020-08-25,1.1514269274900373
2020-08-26,1.15015196754112
2020-08-27,1.1509693399056462
2020-08-28,1.1469748106092308
2020-08-31,1.1486838308714482
2020-09-01,1.148071727636795
2020-09-02,1.1556246300669617
2020-09-03,1.157341763605078
2020-09-04,1.1518987349661771
2020-09-07,1.1467876509968875
2020-09-08,1.1464905339869995
2020-09-09,1.1432203658248976
2020-09-10,1.1465300640018745
2020-09-11,1.146441466549244
2020-09-14,1.149584278111721
2020-09-15,1.1514861473423499
2020-09-16,1.15233535234037
2020-09-17,1.1460141379727802
2020-09-18,1.1440544121318976
2020-09-21,1.1371926881423995
2020-09-22,1.1317598727155183
2020-09-23,1.1325717204706545
2020-09-24,1.1253066125995477
2020-09-25,1.128769720250054
2020-09-28,1.136130855791973
2020-09-29,1.138836215285394
2020-09-30,1.1392595965355596
2020-10-01,1.1391522179557685
2020-10-02,1.1394630183724
2020-10-05,1.1387159653253633
2020-10-06,1.1359743130997753
2020-10-07,1.1374409684579712
2020-10-08,1.1390720095454185
2020-10-09,1.1392015110746025
2020-10-12,1.1409059631873852
2020-10-13,1.1428144044029116
2020-10-14,1.1413986688234012
2020-10-15,1.1394797088166817
2020-10-16,1.1388708430676882
2020-10-19,1.1374240099969901
2020-10-20,1.1355871842815406
2020-10-21,1.131397783942854
2020-10-22,1.1303777320649768
2020-10-23,1.1304319165917647
2020-10-26,1.1254428415703301
2020-10-27,1.1232698643969532
2020-10-28,1.1252344537404815
2020-10-29,1.1216934785658115
2020-10-30,1.1130242850042227
2020-11-02,1.114707175599215
2020-11-03,1.1217696890199738
2020-11-04,1.1288268183973293
2020-11-05,1.1384236265594592
2020-11-06,1.1356915003066523
2020-11-09,1.142125954143089
2020-11-10,1.1344682725310902
2020-11-11,1.1321151646591319
2020-11-12,1.1336891963002702
2020-11-13,1.138438510961127
2020-11-16,1.1425743674760582
2020-11-17,1.140948412712237
2020-11-18,1.141972217683853
2020-11-19,1.1454045276690645
2020-11-20,1.1476836914603377
2020-11-23,1.1520042631626293
2020-11-24,1.1520566073195915
2020-11-25,1.149395096741802
2020-11-26,1.149091983405507
2020-11-27,1.1507886065550055
2020-11-30,1.1475793499341453
2020-12-01,1.1522581866386619
2020-12-02,1.1508456743749098
2020-12-03,1.151861227799362
2020-12-04,1.1519336350908083
2020-12-07,1.1512453364063449
2020-12-08,1.1504929415652774
2020-12-09,1.153099883437045
2020-12-10,1.1524273121649993
2020-12-11,1.1558926923309178
2020-12-14,1.154789903327513
2020-12-15,1.1560910762215615
2020-12-16,1.1586644642867552
2020-12-17,1.1588211415673406
2020-12-18,1.1621329206692648
2020-12-21,1.1647398953253068
2020-12-22,1.161221479704674
2020-12-23,1.1644138916171467
2020-12-24,1.164351196934976
2020-12-28,1.1640295133333716
2020-12-29,1.1664259932009944
2020-12-30,1.1669242391737242
2020-12-31,1.1673326127666768
2021-01-04,1.168854279049022
2021-01-05,1.1725347365206722
2021-01-06,1.1709862824305852
2021-01-07,1.1733796931481668
2021-01-08,1.1790857773089032
2021-01-11,1.1813042572683645
2021-01-12,1.1807848503741325
2021-01-13,1.179646411397501
2021-01-14,1.1844491186093602
2021-01-15,1.180033788235797
2021-01-18,1.1764499939222666
2021-01-19,1.1815578867293535
2021-01-20,1.1853166934662636
2021-01-21,1.1904824465700843
2021-01-22,1.1863261207396056
2021-01-25,1.1895041764617773
2021-01-26,1.1889725879740156
2021-01-27,1.1875633566253507
2021-01-28,1.1854446768938645
2021-01-29,1.1776247912584599
2021-02-01,1.1811560481348626
2021-02-02,1.1872723548038064
2021-02-03,1.1896933858301195
2021-02-04,1.1871974985574012
2021-02-05,1.1915170371018058
2021-02-08,1.191378206991951
2021-02-09,1.192400989285912
2021-02-10,1.1912706797201553
2021-02-11,1.1910120184205994
2021-02-12,1.1913580511274162
2021-02-15,1.190313051597371
2021-02-16,1.1914221977570305
2021-02-17,1.1891784123405096
2021-02-18,1.1877986369645095
2021-02-19,1.1852850207343772
2021-02-22,1.1815574877066803
2021-02-23,1.1818342662707195
2021-02-24,1.176564339401821
2021-02-25,1.1795497293465809
2021-02-26,1.1699545311357675
2021-03-01,1.1717307959737207
2021-03-02,1.1761268426101266
2021-03-03,1.1775575230402315
2021-03-04,1.1705223980364645
2021-03-05,1.1684486847085112
2021-03-08,1.168966828077229
2021-03-09,1.1682919260679603
2021-03-10,1.172159379892925
2021-03-11,1.1773192755419695
2021-03-12,1.1776764658791627
2021-03-15,1.1743178215487202
2021-03-16,1.177102629501312
2021-03-17,1.1758220771910148
2021-03-18,1.173688518275955
2021-03-19,1.170210315494889
2021-03-22,1.1757923928346579
2021-03-23,1.1717911577563895
2021-03-24,1.1734579440024864
2021-03-25,1.175246170894552
2021-03-26,1.176568342337823
2021-03-29,1.1776949197673954
2021-03-30,1.175723872055961
2021-03-31,1.1735489295799346
2021-04-01,1.177898292217919
2021-04-02,1.181667344469998
2021-04-05,1.1821453857950583
2021-04-06,1.180501079980015
2021-04-07,1.1814012803820926
2021-04-08,1.1841774667967409
2021-04-09,1.1856761429498786
2021-04-12,1.1879582548497507
2021-04-13,1.188626989172216
2021-04-14,1.1914117133070237
2021-04-15,1.1911873188958702
2021-04-16,1.1952436893426142
2021-04-19,1.1980823446980648
2021-04-20,1.193847249086992
2021-04-21,1.1930552658380311
2021-04-22,1.1950156132159389
2021-04-23,1.193954346008471
2021-04-26,1.1935771683454586
2021-04-27,1.1928736839700964
2021-04-28,1.1886274390199207
2021-04-29,1.1881416226836525
2021-04-30,1.1860785817187691
2021-05-03,1.1871335787996842
2021-05-04,1.1897816104335135
2021-05-05,1.190175246655037
2021-05-06,1.1957877323458568
2021-05-07,1.1970984191711498
2021-05-10,1.198643530542563
2021-05-11,1.1925030984971672
2021-05-12,1.1884358519526232
2021-05-13,1.1847278195916005
2021-05-14,1.1885686548317997
2021-05-17,1.1927147625451935
2021-05-18,1.1945888422435775
2021-05-19,1.1942612206256524
2021-05-20,1.191536979608693
2021-05-21,1.1922734845954812
2021-05-24,1.1924675096042139
2021-05-25,1.1957229461411942
2021-05-26,1.1954404162157517
2021-05-27,1.195552334002439
2021-05-28,1.1951403778503231
2021-05-31,1.1946383322764944
2021-06-01,1.193788283949832
2021-06-02,1.195390080413972
2021-06-03,1.1976453648792413
2021-06-04,1.19653302082437
2021-06-07,1.1988555369242562
2021-06-08,1.2010180433891093
2021-06-09,1.2005217420311538
2021-06-10,1.2034145636355307
2021-06-11,1.2042193674059862
2021-06-14,1.204940943138752
2021-06-15,1.2064655523288106
2021-06-16,1.2049365922804123
2021-06-17,1.2031618649949654
2021-06-18,1.2063716143195877
2021-06-21,1.2088575087610685
2021-06-22,1.2089177094957497
2021-06-23,1.2108418692755398
2021-06-24,1.210907617320484
2021-06-25,1.2103054532902429
2021-06-28,1.2095854962403774
2021-06-29,1.2098151639552648
2021-06-30,1.2107526830741377
2021-07-01,1.2133339560008365
2021-07-02,1.2139949974359814
2021-07-05,1.21626847058121
2021-07-06,1.2151522035825755
2021-07-07,1.2187901667036463
2021-07-08,1.2192151759655239
2021-07-09,1.219486002205718
2021-07-12,1.2222347897454484
2021-07-13,1.224014659641546
2021-07-14,1.2244343380973168
2021-07-15,1.2247631306207314
2021-07-16,1.2229636346292836
2021-07-19,1.2210551901158566
2021-07-20,1.2243369299534295
2021-07-21,1.2269939335463627
2021-07-22,1.2266656031289895
2021-07-23,1.2312417351014897
2021-07-26,1.2315068850227022
2021-07-27,1.2292567560121128
2021-07-28,1.2295088497036852
2021-07-29,1.2306404182317299
2021-07-30,1.228824018824966
2021-08-02,1.2303649785439095
2021-08-03,1.2310659922738172
2021-08-04,1.2324813537140016
2021-08-05,1.2307516691066807
2021-08-06,1.2297514136451722
2021-08-09,1.2249761041151142
2021-08-10,1.225604782543569
2021-08-11,1.2262583118719113
2021-08-12,1.2292396781337669
2021-08-13,1.2302863311895154
2021-08-16,1.230605461826364
2021-08-17,1.2324596410372857
2021-08-18,1.2297604308847556
2021-08-19,1.2250154483500324
2021-08-20,1.225095175229113
2021-08-23,1.2277848698009626
2021-08-24,1.230829463688176
2021-08-25,1.2322532344248331
2021-08-26,1.2316533184477545
2021-08-27,1.232891276047361
2021-08-30,1.2354326383705225
2021-08-31,1.2388628049758583
2021-09-01,1.2373680419948327
2021-09-02,1.238939266997236
2021-09-03,1.2398671568795996
2021-09-06,1.2407150769865094
2021-09-07,1.2392267148814144
2021-09-08,1.2377712573165023
2021-09-09,1.236178051098069
2021-09-10,1.239553231425528
2021-09-13,1.2398274811905468
2021-09-14,1.2387507634490007
2021-09-15,1.2416360842228806
2021-09-16,1.2410825130287046
2021-09-17,1.2404255876937618
2021-09-20,1.239265379255914
2021-09-21,1.2389631276433366
2021-09-22,1.2396956557730485
2021-09-23,1.2373171919601478
2021-09-24,1.23488665739136
2021-09-27,1.234726747176976
2021-09-28,1.2277327570993515
2021-09-29,1.2219146267096053
2021-09-30,1.222720343594543
2021-10-01,1.218847697348168
2021-10-04,1.2185240847241843
2021-10-05,1.214932541568769
2021-10-06,1.2100218703721917
2021-10-07,1.2158727732422465
2021-10-08,1.2177988951469414
2021-10-11,1.2174044180369377
2021-10-12,1.2125848485438637
2021-10-13,1.2141758781068022
2021-10-14,1.2210844387625197
2021-10-15,1.2244594818947976
2021-10-18,1.222693590923603
2021-10-19,1.22668226217915
2021-10-20,1.2237785381973727
2021-10-21,1.2230270300877506
2021-10-22,1.2223105047138778
2021-10-25,1.2212624034871769
2021-10-26,1.2231455713612316
2021-10-27,1.2207958262315357
2021-10-28,1.2217110685681878
2021-10-29,1.2220019313573838
2021-11-01,1.2223117699057977
2021-11-02,1.2253991721054338
2021-11-03,1.2266694698733303
2021-11-04,1.2273632537960149
2021-11-05,1.2317638497930057
2021-11-08,1.2350848415062383
2021-11-09,1.2356066010342575
2021-11-10,1.2344543444894904
2021-11-11,1.231065151765931
2021-11-12,1.2335183297299794
2021-11-15,1.2379097985965157
2021-11-16,1.2366893746249
2021-11-17,1.2320538709612716
2021-11-18,1.2318792012283917
2021-11-19,1.234154104182926
2021-11-22,1.2351735337852023
2021-11-23,1.2303074821300244
2021-11-24,1.2296268179967835
2021-11-25,1.2308063940924197
2021-11-26,1.229220018310151
2021-11-29,1.2251902260454774
2021-11-30,1.2190020723096235
2021-12-01,1.2212955071029297
2021-12-02,1.2206586780102873
2021-12-03,1.2269003181717404
2021-12-06,1.2268453155136825
2021-12-07,1.2301296694385215
2021-12-08,1.2338952404456198
2021-12-09,1.2339296610085517
2021-12-10,1.2319683950166191
2021-12-13,1.2339424815390982
2021-12-14,1.2327650285187324
2021-12-15,1.2337221812186843
2021-12-16,1.238235936294319
2021-12-17,1.23587457312484
2021-12-20,1.2325107734407854
2021-12-21,1.2353840664944136
2021-12-22,1.2368099438758093
2021-12-23,1.2383728937014233
2021-12-24,1.239459914170179
2021-12-27,1.2402222565063394
2021-12-28,1.2456502876467959
2021-12-29,1.2454521679146044
2021-12-30,1.2419078606583542
2021-12-31,1.2420307814774767
2022-01-03,1.24194432709681
2022-01-04,1.2414465902667167
2022-01-05,1.2367761766157743
2022-01-06,1.2251277416148876
2022-01-07,1.2297194547794146
2022-01-10,1.2252004587411687
2022-01-11,1.224208711116184
2022-01-12,1.2323898776866908
2022-01-13,1.2314221693527463
2022-01-14,1.2254988196780683
2022-01-17,1.2214645593453757
2022-01-18,1.216421983319643
2022-01-19,1.2112841845833002
2022-01-20,1.2139880721248626
2022-01-21,1.2111975469330312
2022-01-24,1.2081605385651693
2022-01-25,1.2010862945437597
2022-01-26,1.199649851770497
2022-01-27,1.1888043970977513
2022-01-28,1.1962067906446796
2022-01-31,1.1967730378360892
2022-02-01,1.1972537380063626
2022-02-02,1.1979047259080178
2022-02-03,1.2063549024221987
2022-02-04,1.205262588547464
2022-02-07,1.2017697753194918
2022-02-08,1.197399610227086
2022-02-09,1.2029808223687795
2022-02-10,1.203146409003378
2022-02-11,1.192723071651902
2022-02-14,1.19210558075108
2022-02-15,1.190864523380796
2022-02-16,1.1943294403651457
2022-02-17,1.1943487402147779
2022-02-18,1.1932001721824648
2022-02-21,1.190863536064602
2022-02-22,1.1889837280289544
2022-02-23,1.1893810055943699
2022-02-24,1.186223690199681
2022-02-25,1.1909950373255276
2022-02-28,1.1944517329089168
2022-03-01,1.1930256364436242
2022-03-02,1.2049994335323406
2022-03-03,1.2065410799373402
2022-03-04,1.2041431119477939
2022-03-07,1.204107670804064
2022-03-08,1.1968732532273407
2022-03-09,1.1981091763723988
2022-03-10,1.1975246681367393
2022-03-11,1.1948087375855747
2022-03-14,1.191796192194469
2022-03-15,1.1831892627970348
2022-03-16,1.1891507187687547
2022-03-17,1.1947991261734698
2022-03-18,1.1951340700569673
2022-03-21,1.198417444998683
2022-03-22,1.197515417401051
2022-03-23,1.1974992287523911
2022-03-24,1.200375303394223
2022-03-25,1.2017906181513565
2022-03-28,1.192441593282092
2022-03-29,1.1960720945707086
2022-03-30,1.200805119559605
2022-03-31,1.1981974360454757
2022-04-01,1.1952333311458232
2022-04-04,1.1938615581090226
2022-04-05,1.1954758032586839
2022-04-06,1.1863244745808514
2022-04-07,1.183913441611454
2022-04-08,1.1837033099040992
2022-04-11,1.176267542283761
2022-04-12,1.170947902691481
2022-04-13,1.1760905918416733
2022-04-14,1.1795332170947734
2022-04-15,1.1743966093866325
2022-04-18,1.1704925014973766
2022-04-19,1.1749758382417304
2022-04-20,1.1725037690651359
2022-04-21,1.1758664561584593
2022-04-22,1.1666368287379945
2022-04-25,1.1642088255107692
2022-04-26,1.167077806239303
2022-04-27,1.1687713989816537
2022-04-28,1.1706459742793591
2022-04-29,1.1702702554501219
2022-05-02,1.170573215288643
2022-05-03,1.1602833067755551
2022-05-04,1.1615128017042318
2022-05-05,1.159562288690062
2022-05-06,1.1580449222604838
2022-05-09,1.1569891975268003
2022-05-10,1.1462361809066466
2022-05-11,1.1505788429075778
2022-05-12,1.1521885314618237
2022-05-13,1.1568491776634378
2022-05-16,1.1560458857336204
2022-05-17,1.159203645289149
2022-05-18,1.1544797569872318
2022-05-19,1.1494715247423513
2022-05-20,1.1556157352621104
2022-05-23,1.1581964730260077
2022-05-24,1.1547172666121075
2022-05-25,1.1603667292623903
2022-05-26,1.1609630446463146
2022-05-27,1.1658341725620418
2022-05-30,1.1703378147032877
2022-05-31,1.1657017429095182
2022-06-01,1.165040723762295
2022-06-02,1.1616306496614166
2022-06-03,1.1627321485092235
2022-06-06,1.1628126376666255
2022-06-07,1.156437298530886
2022-06-08,1.1583209655973477
2022-06-09,1.1557533966434579
2022-06-10,1.1526713687132326
2022-06-13,1.1359993372538928
2022-06-14,1.1288776452702765
2022-06-15,1.1193804161482335
2022-06-16,1.1192783687653538
2022-06-17,1.1158612564265
2022-06-20,1.1130158137817436
2022-06-21,1.1182495332858853
2022-06-22,1.1131392527549087
2022-06-23,1.114666215703134
2022-06-24,1.126336519337693
2022-06-27,1.126701011390151
2022-06-28,1.1273370508471432
2022-06-29,1.1256156188731095
2022-06-30,1.1214677212953665
2022-07-01,1.1226302956235796
2022-07-04,1.1260057000841566
2022-07-05,1.1323289245780712
2022-07-06,1.1325632131030003
2022-07-07,1.1330547092395795
2022-07-08,1.134090262462616
2022-07-11,1.130180835078649
2022-07-12,1.1289656038105331
2022-07-13,1.1300131148750279
2022-07-14,1.1307296019926143
2022-07-15,1.1352435169820423
2022-07-18,1.1400029906004534
2022-07-19,1.1389237293610477
2022-07-20,1.1404035187698853
2022-07-21,1.14010907169458
2022-07-22,1.1459712504125497
2022-07-25,1.1496135098755447
2022-07-26,1.1509243852496875
2022-07-27,1.1531339050878309
2022-07-28,1.15270531663991
2022-07-29,1.1606331820107114
2022-08-01,1.1623551683041742
2022-08-02,1.164953127451579
2022-08-03,1.1629855348983984
2022-08-04,1.164494116384653
2022-08-05,1.1663705299987839
2022-08-08,1.1634026680361245
2022-08-09,1.1648546186929913
2022-08-10,1.1623375876184034
2022-08-11,1.166731370434171
2022-08-12,1.1658762603689328
2022-08-15,1.166023259403222
2022-08-16,1.1736958315805408
2022-08-17,1.172670873701896
2022-08-18,1.1709117672689944
2022-08-19,1.1667216971235441
2022-08-22,1.1609469690258947
2022-08-23,1.1555674068971076
2022-08-24,1.1549009644383879
2022-08-25,1.1531715654931556
2022-08-26,1.150161590327599
2022-08-29,1.1411329243838404
2022-08-30,1.1443881076682134
2022-08-31,1.1402183473388283
2022-09-01,1.1321957227942723
2022-09-02,1.132046862254349
2022-09-05,1.135870827365137
2022-09-06,1.1360995200982837
2022-09-07,1.1304837910452195
2022-09-08,1.1385292708230794
2022-09-09,1.1393411008685377
2022-09-12,1.1396212219905166
2022-09-13,1.144631967226594
2022-09-14,1.1374455136659496
2022-09-15,1.1335564179131625
2022-09-16,1.1274815997664116
2022-09-19,1.1246907465898999
2022-09-20,1.126559151404891
2022-09-21,1.1208586115955421
2022-09-22,1.117532298399412
2022-09-23,1.1072873170904307
2022-09-26,1.0942666287426481
2022-09-27,1.0942736526936907
2022-09-28,1.088016654064044
2022-09-29,1.0918307855538836
2022-09-30,1.0908367539942143
2022-10-03,1.092618621015283
2022-10-04,1.1066094083583846
2022-10-05,1.1052103507178588
2022-10-06,1.1032531248998858
2022-10-07,1.097394094025573
2022-10-10,1.0971759035553936
2022-10-11,1.0879406261138207
2022-10-12,1.0901070663923105
2022-10-13,1.085840677897699
2022-10-14,1.093151547873749
2022-10-17,1.0900239922737271
2022-10-18,1.0932510048390476
2022-10-19,1.08735661102259
2022-10-20,1.0814922996325709
2022-10-21,1.0749936092251995
2022-10-24,1.0858224936862708
2022-10-25,1.086187246505547
2022-10-26,1.0929655482567537
2022-10-27,1.0961583297043431
2022-10-28,1.0988996956790975
2022-10-31,1.1000436275475083
2022-11-01,1.1025566090476981
2022-11-02,1.1018495014488277
2022-11-03,1.0953960708532058
2022-11-04,1.0963960781363304
2022-11-07,1.0955367761494654
2022-11-08,1.0942954479465496
2022-11-09,1.0939881557272293
2022-11-10,1.0973117920123845
2022-11-11,1.11191621381916
2022-11-14,1.112060621167173
2022-11-15,1.1136549636176305
2022-11-16,1.1166937379566677
2022-11-17,1.121507179013554
2022-11-18,1.1192242641942818
2022-11-21,1.1212413281515567
2022-11-22,1.1201791943651
2022-11-23,1.1239444206199287
2022-11-24,1.127296537067886
2022-11-25,1.127828024090069
2022-11-28,1.1263713412656315
2022-11-29,1.1231844981743309
2022-11-30,1.123438656485934
2022-12-01,1.1289002858890698
2022-12-02,1.130401314008126
2022-12-05,1.1282866736526875
2022-12-06,1.1287273209484745
2022-12-07,1.1280704551116063
2022-12-08,1.1306355665603207
2022-12-09,1.130908931074842
2022-12-12,1.1281430741848841
2022-12-13,1.1273562550107248
2022-12-14,1.1344354624152666
2022-12-15,1.1315141519486915
2022-12-16,1.127454272389117
2022-12-19,1.1239791367051872
2022-12-20,1.1096652086173011
2022-12-21,1.1115609382442524
2022-12-22,1.1160016172940805
2022-12-23,1.1096120740244864
2022-12-26,1.10955270018677
2022-12-27,1.1098039635423338
2022-12-28,1.1020562950551112
2022-12-29,1.095684429448839
2022-12-30,1.095481266583643
2023-01-02,1.098312823549498
2023-01-03,1.1011751437789155
2023-01-04,1.1068288477866655
2023-01-05,1.1072763187515007
2023-01-06,1.1096518697917386
2023-01-09,1.116800555156766
2023-01-10,1.1179750255450542
2023-01-11,1.1209466419598035
2023-01-12,1.1255226068098905
2023-01-13,1.1305611409073517
2023-01-16,1.1303616688019185
2023-01-17,1.1264171819978248
2023-01-18,1.1286543738485022
2023-01-19,1.1328262841035281
2023-01-20,1.1336394119191435
2023-01-23,1.134200990625897
2023-01-24,1.1341452495778415
2023-01-25,1.138566196429221
2023-01-26,1.1410519683680063
2023-01-27,1.1390309652708168
2023-01-30,1.1378424493891754
2023-01-31,1.133922240961769
2023-02-01,1.140117061450939
2023-02-02,1.144642104683399
2023-02-03,1.1490394422302006
2023-02-06,1.1426964386543892
2023-02-07,1.143862469328258
2023-02-08,1.146709396326938
2023-02-09,1.1459790878169975
2023-02-10,1.1427994343866354
2023-02-13,1.1423016564328226
2023-02-14,1.1445622832414217
2023-02-15,1.1419688910858787
2023-02-16,1.1454473847593454
2023-02-17,1.1383235636125906
2023-02-20,1.1404094135005243
2023-02-21,1.138871922274723
2023-02-22,1.132701557496625
2023-02-23,1.1345393415661844
2023-02-24,1.1361815477612633
2023-02-27,1.1352625651923292
2023-02-28,1.132492954308811
2023-03-01,1.1324643798450849
2023-03-02,1.128298087579329
2023-03-03,1.13077112939097
2023-03-06,1.136797076556169
2023-03-07,1.1374899914419319
2023-03-08,1.1347475668170994
2023-03-09,1.1333126548464645
2023-03-10,1.1344278453538466
2023-03-13,1.1386311887762546
2023-03-14,1.139232507558797
2023-03-15,1.1354903431203012
2023-03-16,1.1401291043280637
2023-03-17,1.1406267260416947
2023-03-20,1.1461906429720083
2023-03-21,1.147661857315192
2023-03-22,1.1483740948606755
2023-03-23,1.1465576414143759
2023-03-24,1.1517534569916361
2023-03-27,1.1531262595049394
2023-03-28,1.1515608633774985
2023-03-29,1.1535280070866734
2023-03-30,1.1547909556410128
2023-03-31,1.1585650565179049
2023-04-03,1.1646467410211516
2023-04-04,1.1698926244920942
2023-04-05,1.1718100099915043
2023-04-06,1.172990265837811
2023-04-07,1.176183860667216
2023-04-10,1.1782533146927474
2023-04-11,1.179636517547706
2023-04-12,1.1805600635351754
2023-04-13,1.1789081454347394
2023-04-14,1.1782864402138493
2023-04-17,1.1763548688350034
2023-04-18,1.1754051843894535
2023-04-19,1.1752785753869064
2023-04-20,1.1727116078016036
2023-04-21,1.1747178446366724
2023-04-24,1.1743548685208773
2023-04-25,1.1725209311868223
2023-04-26,1.1732154370131134
2023-04-27,1.172573754752122
2023-04-28,1.1743281651965123
2023-05-01,1.1743893022947358
2023-05-02,1.1730281267685796
2023-05-03,1.172494899006171
2023-05-04,1.171170307318864
2023-05-05,1.1724062534963613
2023-05-08,1.1712088180936273
2023-05-09,1.1700203723804972
2023-05-10,1.1671602572809976
2023-05-11,1.170302465953736
2023-05-12,1.1724222342851567
2023-05-15,1.1684770751093705
2023-05-16,1.1697344532118474
2023-05-17,1.1697375343068288
2023-05-18,1.1701049816296423
2023-05-19,1.1668939326392274
2023-05-22,1.1664390123187496
2023-05-23,1.1623716594142495
2023-05-24,1.1616767849034253
2023-05-25,1.1576652105868541
2023-05-26,1.1568880424768937
2023-05-30,1.1601808325676073
2023-05-31,1.1635719133723827
2023-06-01,1.1612495847251585
2023-06-02,1.1672118296688652
2023-06-05,1.1640696376931252
2023-06-06,1.164276758190861
2023-06-07,1.1686849005686744
2023-06-08,1.1611546336910994
2023-06-09,1.164208896491935
2023-06-12,1.163426010193374
2023-06-13,1.161737093782756
2023-06-14,1.1599690416299617
2023-06-15,1.1590876376996253
2023-06-16,1.1644484337919008
2023-06-19,1.1654885574127827
2023-06-20,1.163671173580827
2023-06-21,1.1665254311011475
2023-06-22,1.1654719390252146
2023-06-23,1.1634625686495896
2023-06-26,1.1668799848069775
2023-06-27,1.1653440816602025
2023-06-28,1.166620509235353
2023-06-29,1.1683785514593767
2023-06-30,1.1671912029360814
2023-07-07,1.1592092516869172
2023-07-10,1.156645750118104
2023-07-14,1.1693071746308896
2023-07-17,1.1675462377812325
2023-07-19,1.1744951922659042
2023-07-20,1.1751519194183446
2023-07-21,1.1769025083968419
2023-07-24,1.1764645732123478
2023-07-26,1.1753336266779582
2023-07-28,1.1741848261447176
2023-08-03,1.1719238593459187
2023-08-04,1.1743986557213368
2023-08-07,1.174059241635236
2023-08-08,1.1775572798870955
2023-08-09,1.1788184954367058
2023-08-10,1.1781254497972447
2023-08-11,1.1770257481595723
2023-08-14,1.1741504679224795
2023-08-16,1.1703099952455727
2023-08-17,1.1663936203256031
2023-08-18,1.1661768248046263
2023-08-21,1.1659496092687152
2023-08-22,1.1661824802359884
2023-08-23,1.1684830868510139
2023-08-24,1.1721219055637035
2023-08-25,1.1663125677008135
2023-08-28,1.1715549157034693
2023-08-29,1.1738685704010505
2023-08-30,1.1778882869013585
2023-08-31,1.180487814747098
2023-09-01,1.1800799325238034
2023-09-04,1.1787437433397778
2023-09-05,1.1800510676849245
2023-09-06,1.1778652956146223
2023-09-07,1.174061498637391
2023-09-08,1.1770944976082611
2023-09-11,1.1752015305143757
2023-09-12,1.173711188262467
2023-09-13,1.1729770379891709
2023-09-14,1.177125443693821
2023-09-15,1.1800955791690484
2023-09-18,1.1742909113765834
2023-09-19,1.1752920348284794
2023-09-20,1.1747262343546576
2023-09-21,1.1697023839299387
2023-09-22,1.166291137825464
2023-09-25,1.1656005764273032
2023-09-26,1.1627662208097203
2023-09-27,1.1641902359976972
2023-10-04,1.142622943398887
2023-10-05,1.1449454965687267
2023-10-06,1.1453068851968282
2023-10-10,1.1514339971626215
2023-10-11,1.1554965532402026
2023-10-12,1.1618946567355946
2023-10-13,1.1580484303517184
2023-10-16,1.1581912705790371
2023-10-17,1.1582834701860678
2023-10-18,1.1560155851206362
2023-10-19,1.148926292297613
2023-10-20,1.1446359467768654
2023-10-23,1.1407816796157535
2023-10-24,1.1430255939821066
2023-10-25,1.1443766231349382
2023-10-26,1.135095529183074
2023-10-27,1.139364530682134
2023-10-30,1.1378618896854422
2023-10-31,1.1354716532180489
2023-11-01,1.139494905377941
2023-11-02,1.1461590528547891
2023-11-03,1.1498902980643015
2023-11-06,1.1571346195125956
2023-11-07,1.1532746972468662
2023-11-08,1.1541646616155108
2023-11-09,1.1569582889259706
2023-11-10,1.1530683336814216
2023-11-13,1.1558286296230615
2023-11-14,1.1607903517590885
2023-11-15,1.1676704092579746
2023-11-16,1.165006428657218
2023-11-17,1.1653443070900096
2023-11-20,1.1667086290079345
2023-11-21,1.1710585524239636
2023-11-22,1.1713313049989473
2023-11-23,1.173504476802584
2023-11-24,1.172821022307731
2023-11-27,1.172398710697956
2023-11-28,1.1731125389436234
2023-11-29,1.176690131572152
2023-11-30,1.1788023269646772
2023-12-01,1.1801314575699504
2023-12-04,1.185388675231621
2023-12-05,1.1841312632600751
2023-12-06,1.1881356731583248
2023-12-07,1.1884949906153304
2023-12-08,1.188281697177738
2023-12-11,1.1893839636271828
2023-12-12,1.1919291651668338
2023-12-13,1.1914617026604415
2023-12-14,1.199969746822768
2023-12-15,1.2035325916166193
2023-12-18,1.2055155544918659
2023-12-19,1.2087350882642787
2023-12-20,1.212525044513045
2023-12-21,1.2103004087634825
2023-12-22,1.2101771715814291
2023-12-26,1.2107598744605699
2023-12-27,1.2143723435256193
2023-12-28,1.2190725135390292
2024-01-02,1.216054230451471
2024-01-03,1.2108218098668333
2024-01-04,1.2112947205605924
2024-01-05,1.2083432691362432
2024-01-08,1.206407694809328
2024-01-09,1.2106216670338559
2024-01-10,1.2111237932901118
2024-01-11,1.2125455704831887
2024-01-12,1.2117097972873359
2024-01-15,1.2153318659331276
2024-01-16,1.2132100772346608
2024-01-17,1.2076385238494212
2024-01-19,1.2075138315285334
2024-01-22,1.2130952750765311
2024-01-23,1.2126794341472331
2024-01-24,1.2123463584089649
2024-01-25,1.2110335552741955
2024-01-26,1.2145313844631638
2024-01-29,1.2158516366202596
2024-01-30,1.2184814903725194
2024-01-31,1.219148096569463
2024-02-01,1.2202305671202371
2024-02-02,1.227186492109106
2024-02-05,1.2218357164038216
2024-02-06,1.218258737600555
2024-02-07,1.2217432112757725
2024-02-08,1.2240078776802066
2024-02-13,1.2263618084447363
2024-02-14,1.2194132335269285
2024-02-15,1.2233657167302086
2024-02-16,1.2268616695182861
2024-02-19,1.2284004992460016
2024-02-20,1.2269068196478516
2024-02-21,1.2264610231749382
2024-02-22,1.228665075476848
2024-02-23,1.2304183408732565
2024-02-26,1.2325452529129601
2024-02-27,1.2285499273356981
2024-02-28,1.2316251809679806
2024-02-29,1.2310403737291808
2024-03-04,1.2398115075690117
2024-03-05,1.240175167493057
2024-03-06,1.2416555142496417
2024-03-07,1.242028812430825
2024-03-08,1.2443931723670372
2024-03-11,1.2393499801076673
2024-03-12,1.2416831205519285
2024-03-13,1.2423760670350223
2024-03-14,1.2441680231366143
2024-03-15,1.2409879465910285
2024-03-18,1.2432777070778553
2024-03-19,1.2426887457404487
2024-03-20,1.2453322137383185
2024-03-21,1.2496176640542598
2024-03-22,1.2550841574207359
2024-03-25,1.2551223230848532
2024-03-26,1.2556198185387415
2024-03-27,1.2583288720927832
2024-03-28,1.2595723494811777
2024-03-29,1.2618566526322612
2024-04-01,1.2629768468551426
2024-04-02,1.2575710380251792
2024-04-03,1.252641803359404
2024-04-04,1.2547159304828033
2024-04-05,1.2540938551113079
2024-04-08,1.2522446013305137
2024-04-09,1.2543359684992195
2024-04-11,1.250346017799506
2024-04-12,1.2543784290601585
2024-04-15,1.2520284169506155
2024-04-16,1.2462367867215849
2024-04-17,1.2391690459545774
2024-04-18,1.2430669130518783
2024-04-19,1.2388790682721844
2024-04-22,1.2399927481674349
2024-04-23,1.2411777180633794
2024-04-24,1.2449262533815642
2024-04-25,1.2404010541245172
2024-04-26,1.2437329673687092
2024-04-29,1.2477040100913301
2024-04-30,1.2511830018595624
2024-05-02,1.2466031792499355
2024-05-03,1.245508457988497
2024-05-07,1.2539843316088788
2024-05-08,1.2548146428221059
2024-05-09,1.253720307420416
2024-05-10,1.257599595691925
2024-05-13,1.256019156594096
2024-05-14,1.2573893549094528
2024-05-16,1.2630754959592745
2024-05-17,1.2615829536326912
2024-05-20,1.2631539554220865
2024-05-21,1.2624769344105444
2024-05-22,1.2636733032089376
2024-05-23,1.262772896523307
2024-05-24,1.257452718054971
2024-05-27,1.2609853281168946
2024-05-28,1.260255729378736
2024-05-29,1.2552013865493123
2024-05-30,1.2524823154815508
2024-05-31,1.255955834352221
2024-06-03,1.2600781119763576
2024-06-04,1.260583399952724
2024-06-05,1.2643396935176918
2024-06-07,1.2700364963368866
2024-06-10,1.2653345466012382
2024-06-11,1.267517457749262
2024-06-12,1.2708419432305769
2024-06-13,1.27355901620857
2024-06-14,1.2763834101979954
2024-06-17,1.2774747312961758
2024-06-18,1.279986094988342
2024-06-19,1.2841374596166932
2024-06-20,1.2855128313555402
2024-06-21,1.285330666128739
2024-06-24,1.2831701837156702
2024-06-25,1.2852986025959392
2024-06-26,1.2855819652086689
2024-06-27,1.2811849177360324
2024-06-28,1.2828520347465153
2024-07-01,1.2806465807331486
2024-07-02,1.2808656296886975
2024-07-03,1.2854361690415135
2024-07-04,1.2888433507944592
2024-07-05,1.2920350757324135
2024-07-08,1.2953199668766993
2024-07-09,1.296644879409962
2024-07-10,1.2967450013963058
2024-07-11,1.2981336439523656
2024-07-12,1.2997692507869807
2024-07-15,1.3023439789382871
2024-07-16,1.3034618582893012
2024-07-17,1.3036539954508097
2024-07-18,1.3030008962530888
2024-07-19,1.299004101692522
2024-07-22,1.2945327412174368
2024-07-23,1.2942392228327597
2024-07-24,1.2925592354555204
2024-07-25,1.28553112007004
2024-07-26,1.2873197346850263
2024-07-29,1.294611701266708
2024-07-30,1.2927308800561035
2024-07-31,1.2954347592065696
2024-08-01,1.2986662504277617
2024-08-02,1.2886743436700419
2024-08-05,1.2696076543195596
2024-08-06,1.2775971094128704
2024-08-07,1.2805199339548365
2024-08-08,1.2783951137089253
2024-08-09,1.280356468794727
2024-08-12,1.285948324635697
2024-08-13,1.2895688642339669
2024-08-14,1.2927077939492244
2024-08-16,1.298664229361454
2024-08-19,1.291749194632712
2024-08-20,1.29479221539774
2024-08-21,1.2967854140638055
2024-08-22,1.2971275645432807
2024-08-23,1.2965353393525325
2024-08-26,1.2980493682350525
2024-08-28,1.2967288277051088
2024-08-29,1.292325363134632
2024-08-30,1.2951655986797472
2024-09-02,1.2935974441566387
2024-09-03,1.2940943131834763
2024-09-04,1.285138132404431
2024-09-05,1.2862271424391745
2024-09-06,1.282505001320057
2024-09-09,1.2803083863354234
2024-09-10,1.283923997285089
2024-09-11,1.284633054606378
2024-09-12,1.2901631203467365
2024-09-13,1.2926242912696408
2024-09-19,1.2956550971868148
2024-09-20,1.2990448637715553
2024-09-23,1.3011936215602655
2024-09-24,1.3028153053458411
2024-09-25,1.30124872188836
2024-09-26,1.3039857987025343
2024-09-27,1.3023151227834784
2024-09-30,1.2969000402764461
2024-10-02,1.300151101410923
2024-10-04,1.3033440453322347
2024-10-07,1.3062209096058555
2024-10-08,1.3037715422645026
2024-10-10,1.3034393459391485
2024-10-11,1.3044261567634374
2024-10-14,1.3078270103390532
2024-10-15,1.311119553635408
2024-10-16,1.3101874213230502
2024-10-17,1.311758856451793
2024-10-18,1.3096850298452214
2024-10-21,1.3133932321363402
2024-10-22,1.3059360108844922
2024-10-23,1.3067768205858492
2024-10-24,1.3054161487816511
2024-10-25,1.3087382105841703
2024-10-28,1.3064614718013605
2024-10-29,1.307649114656089
2024-10-31,1.305013965157779
2024-11-01,1.3019179295916425
2024-11-04,1.302529233885732
2024-11-06,1.3093711452264936
2024-11-07,1.3109697605222652
2024-11-08,1.3139019656048752
2024-11-11,1.3136611021307798
2024-11-12,1.311948260127964
2024-11-13,1.3027564024040679
2024-11-14,1.2992503058239946
2024-11-15,1.2972544289637375
2024-11-18,1.298562818162359
2024-11-19,1.300195831077971
2024-11-20,1.3011913577404453
2024-11-21,1.303067853436671
2024-11-22,1.3057958657440363
2024-11-25,1.313996210695692
2024-11-26,1.311853680406119
2024-11-27,1.312562463945069
2024-11-28,1.3146063754102855
2024-11-29,1.3146927154279293
2024-12-02,1.3178102558203537
2024-12-03,1.3225766051577819
2024-12-04,1.3225197048874004
2024-12-05,1.3232644895062509
2024-12-06,1.3236539100516869
2024-12-09,1.3243434951910162
2024-12-10,1.3251519899711257
2024-12-11,1.326424514240043
2024-12-12,1.328790047581203
2024-12-13,1.3273731347169067
2024-12-16,1.324554693975844
2024-12-17,1.3221462749851438
2024-12-18,1.3236568795580306
2024-12-19,1.3129192922338346
2024-12-20,1.306590136374524
2024-12-23,1.3156479843204736
2024-12-24,1.314781934637521
2024-12-26,1.318522502600116
2024-12-27,1.3189605827128865
2024-12-30,1.318386061283234
2025-01-02,1.3174161039612322
2025-01-03,1.3220118973430401
2025-01-06,1.3229042400462026
2025-01-07,1.3215632051701578
2025-01-08,1.3206495218486685
2025-01-09,1.3218028827616395
2025-01-10,1.3209140213121047
2025-01-13,1.3157547416317072
2025-01-14,1.317406423070736
2025-01-15,1.3156696730206736
2025-01-16,1.3252548134315685
2025-01-17,1.3261373416455986
2025-01-20,1.3273232395239882
2025-01-21,1.3273312104621275
2025-01-22,1.328674896068724
2025-01-23,1.3270319318395112
2025-01-24,1.3276397482585744
2025-01-31,1.3335322225715394
2025-02-03,1.3269296792853331
2025-02-04,1.3302881044851593
2025-02-05,1.331048306742902
2025-02-06,1.3372103721998323
2025-02-07,1.3360062868606224
2025-02-10,1.3358563949561928
2025-02-11,1.3369474663080831
2025-02-12,1.3358709666218491
2025-02-13,1.3359152990072267
2025-02-14,1.3404944578260296
2025-02-17,1.3417855483075285
2025-02-18,1.344037916299399
2025-02-19,1.3448443945760564
2025-02-20,1.3441688908671259
2025-02-21,1.3449227230774843
2025-02-24,1.3426430461003416
2025-02-25,1.343047015587888
2025-02-26,1.345754312645555
2025-02-27,1.3476921095944843
2025-02-28,1.3435476019723496
2025-03-04,1.3451304262477768
2025-03-05,1.3419946870343449
2025-03-06,1.3384801288590595
2025-03-07,1.3369117907811732
2025-03-10,1.3380937186481385
2025-03-11,1.336256185657406
2025-03-12,1.3332126725328246
2025-03-13,1.3314775610030893
2025-03-14,1.3324770994521768
2025-03-17,1.3362443117570597
2025-03-18,1.3420968859524807
2025-03-19,1.3408985533716935
2025-03-20,1.3462447670422022
2025-03-21,1.34413008377703
2025-03-24,1.3458851191293781
2025-03-25,1.3449394692092127
2025-03-26,1.3449838669356635
2025-03-27,1.3421543123353363
2025-03-28,1.3398514389569867
2025-03-31,1.3354479642822743
2025-04-01,1.340317684878128
2025-04-02,1.3393212238404428
2025-04-03,1.337037473214606
2025-04-04,1.324528752136582
2025-04-07,1.3014349248541628
2025-04-08,1.307414286360076
2025-04-09,1.289141945200562
2025-04-10,1.3184643300168117
2025-04-11,1.3127003880789359
2025-04-14,1.3118162272792546
2025-04-15,1.3159775701990073
2025-04-16,1.3126365362074603
2025-04-17,1.3151300235948213
2025-04-18,1.318544649555409
2025-04-21,1.3155592997906764
2025-04-22,1.3138301609865337
2025-04-23,1.32339501676325
2025-04-24,1.3257147338012072
2025-04-25,1.3335055223561187
2025-04-28,1.3353988759033713
2025-04-29,1.3381902967631027
2025-04-30,1.335288050910467
2025-05-02,1.3331208318999148
2025-05-07,1.3314984538555776
2025-05-08,1.3311424883579965
2025-05-09,1.3300650748338616
2025-05-12,1.334009116226326
2025-05-13,1.3400352322353735
2025-05-14,1.344019052309458
2025-05-15,1.333139601080988
2025-05-16,1.3374678919585583
2025-05-19,1.332787783223759
2025-05-20,1.3352799930367287
2025-05-21,1.3347512256202785
2025-05-22,1.3277765613082269
2025-05-23,1.3268803295913465
2025-05-26,1.3283005762802116
2025-05-27,1.332212109278907
2025-05-28,1.3363822157787055
2025-05-29,1.342314022975062
2025-05-30,1.3391469202675272
2025-06-02,1.336115779824045
2025-06-04,1.341307080782006
2025-06-05,1.3428618908519807
2025-06-09,1.3447161793861468
2025-06-10,1.3497221963447572
2025-06-11,1.3554827042507227
2025-06-12,1.353931897691024
2025-06-13,1.356742153455071
2025-06-16,1.3574472434220044
2025-06-17,1.3561925832270478
2025-06-18,1.3603105543091825
2025-06-19,1.3617431947188137
2025-06-20,1.3619634203623157
2025-06-23,1.3640804194588814
2025-06-24,1.3662482574358734
2025-06-25,1.368451409884195
2025-06-26,1.3677321758496772
2025-06-27,1.3686307760724483
2025-06-30,1.3675728257748145
2025-07-01,1.3724785216360527
2025-07-02,1.3732034125146426
2025-07-03,1.377675629531209
2025-07-04,1.3738028771409916
2025-07-07,1.374086918398546
2025-07-08,1.3752944845056125
2025-07-09,1.3777767425831002
2025-07-10,1.3826052813099798
2025-07-11,1.3842607279991181
2025-07-14,1.3843940268585522
2025-07-15,1.3863273311860822
2025-07-16,1.3831583474723412
2025-07-17,1.38555520302333
2025-07-18,1.3888218349558705
2025-07-21,1.3893055756365114
2025-07-22,1.3870470539403081
2025-07-23,1.3897466569960486
2025-07-24,1.3872177074560128
2025-07-25,1.3889444910317326
2025-07-28,1.3890443998570425
2025-07-29,1.3907581135455365
2025-07-30,1.3919540501914793
2025-07-31,1.392850006850282
2025-08-01,1.3830646747201114
2025-08-04,1.3836420390784447
2025-08-05,1.3909846484863908
2025-08-06,1.3920039386550986
2025-08-07,1.3916188884794667
2025-08-08,1.3946348421751606
2025-08-11,1.395139069112485
2025-08-12,1.3940387182960698
2025-08-13,1.3957273862481414
2025-08-14,1.3982161761219858
2025-08-18,1.3940383058727124
2025-08-19,1.3923439630946124
2025-08-20,1.3924056640370177
2025-08-21,1.3938446680998156
2025-08-22,1.3917452548200406
2025-08-25,1.397479548688853
2025-08-26,1.3981125398039893
2025-08-27,1.3994135636068201
2025-08-28,1.4000202417328054
2025-08-29,1.400337802107772
2025-09-01,1.3977048334331261
2025-09-02,1.3983689259815144
2025-09-03,1.3968433625141912
2025-09-04,1.400609998380757
2025-09-05,1.4053746247904242
2025-09-08,1.4092552134755987
2025-09-09,1.412996208600747
2025-09-10,1.4156548562564633
2025-09-11,1.4191075380416018
2025-09-12,1.4235403855237603
2025-09-15,1.4238932279615264
2025-09-16,1.4247383824563593
2025-09-17,1.42501626884525
2025-09-18,1.4285086566690894
2025-09-19,1.4272461625773036
2025-09-22,1.4292025948134188
2025-09-23,1.430565220521308
2025-09-24,1.4303063469189963
2025-09-25,1.4289838312543155
2025-09-26,1.4260716607498616
2025-09-29,1.4276500815160893
2025-09-30,1.4274368033935383
2025-10-01,1.4274379920624412
2025-10-02,1.434342540671127
2025-10-10,1.442359464875384
2025-10-13,1.4399499997678722
2025-10-14,1.4404099757833306
2025-10-15,1.4462612920767774
2025-10-16,1.4492091592338752
2025-10-17,1.4497061648745146
2025-10-20,1.4543435434623444
2025-10-21,1.4591355183252392
2025-10-22,1.4625771260977534
2025-10-23,1.46071980830024
2025-10-24,1.464401647114872
2025-10-27,1.4691878736159796
2025-10-28,1.4708411913981714
2025-10-29,1.471427115999815
2025-10-30,1.4661721671883763
2025-10-31,1.466930306800607
2025-11-03,1.4691793271296347
2025-11-04,1.4672795907539486
2025-11-05,1.4636345792996743
2025-11-06,1.464403682711609
2025-11-07,1.4612054015204363
2025-11-10,1.467110754521701
2025-11-11,1.4721704183120474
2025-11-12,1.4777878360547727
2025-11-13,1.481328891744865
2025-11-14,1.467314071386799
2025-11-17,1.4689504929449115
2025-11-18,1.4598183738579453
2025-11-19,1.459714224223359
2025-11-20,1.465477762314697
2025-11-21,1.4562936521050207
2025-11-24,1.4587537636436305
2025-11-25,1.4616336480502479
2025-11-26,1.4689540208080551
2025-11-27,1.4693648161553974
2025-11-28,1.4728890149626999
2025-12-01,1.471235270604399
2025-12-02,1.4726980972996422
2025-12-03,1.4747737642828458
2025-12-04,1.4774288586633928
2025-12-05,1.4787292057579888
2025-12-08,1.4789255560727983
2025-12-09,1.4758556545610548
2025-12-10,1.4752899336206728
2025-12-11,1.4762926265740564
2025-12-12,1.4809012075043748
2025-12-15,1.4780510410805485
2025-12-16,1.4728222203022932
2025-12-17,1.474646634133654
2025-12-18,1.4708027252754938
2025-12-19,1.4732383366874506
2025-12-22,1.4788198493058624
2025-12-23,1.4825897524824723
2025-12-24,1.477018973725128
2025-12-26,1.4751902985926792
2025-12-29,1.4750670130259829
2025-12-30,1.4751331946149062
2026-01-02,1.4790919660195552
2026-01-05,1.484017258973744
2026-01-06,1.4886611538558505
2026-01-07,1.490698358791324
2026-01-08,1.4902456796276438
2026-01-09,1.4938821169961993
2026-01-12,1.499272026625256
2026-01-13,1.5048094649926744
2026-01-14,1.5086096113193932
2026-01-15,1.5086433177699585
2026-01-16,1.5116011177873023
2026-01-19,1.509074368059422
2026-01-20,1.5075738268890617
2026-01-21,1.5048424260570246
2026-01-22,1.5122424989702585
2026-01-23,1.5178361490720493
2026-01-26,1.5194951398758563
2026-01-27,1.526011158107201
2026-01-28,1.5311640223203182
2026-01-29,1.53792759399114
2026-01-30,1.5333519859256919
2026-02-02,1.522228384220816
2026-02-03,1.5361420743308432
2026-02-04,1.5396975267934516
2026-02-05,1.5372496446311978
2026-02-06,1.5325439418913167
2026-02-09,1.5456834399629187
2026-02-10,1.54970663150886
2026-02-11,1.5527825300588052
2026-02-12,1.5558559921420856
2026-02-13,1.5535205265476235
2026-02-19,1.564294755072751
2026-02-20,1.5687685444594106
2026-02-23,1.566694920046597
2026-02-24,1.5705366268771794
2026-02-25,1.5722049849464366
2026-02-26,1.580490905401771
2026-02-27,1.5832107715623065
2026-03-03,1.571515814527651
2026-03-04,1.543531278878649
2026-03-05,1.5668405097452176
2026-03-06,1.571962860128227
2026-03-09,1.560351863858206
2026-03-10,1.5693127242307188
2026-03-11,1.5707204173143745
2026-03-12,1.5704770048126877
2026-03-13,1.567949230786771
2026-03-16,1.5695341753356327
2026-03-17,1.570205017215163
2026-03-18,1.5824779397859068
2026-03-19,1.5725475588196112
2026-03-20,1.5721390370513384
2026-03-23,1.5493548759982583
2026-03-24,1.5530035599871896
2026-03-25,1.5621174724879796
2026-03-26,1.558611364851174
2026-03-27,1.5572226348048
2026-03-30,1.5504939172770997
2026-03-31,1.5492459874309459
2026-04-01,1.568539785403226
2026-04-02,1.554601535532875
2026-04-03,1.559666477387128
2026-04-06,1.563198536108093
2026-04-07,1.5632870603101596
2026-04-08,1.5783850355596978
2026-04-09,1.5774644103413873
2026-04-10,1.5809247259014587
2026-04-13,1.5803632121431153
2026-04-14,1.5884272404874913
2026-04-15,1.5934013835026806
2026-04-16,1.5987097879913026
2026-04-17,1.5983554331583054
2026-04-20,1.5995057542795372
2026-04-21,1.603845541536928
2026-04-22,1.6047267154342275
2026-04-23,1.6047489115949087
2026-04-24,1.6076189505407459
2026-04-27,1.610260204515453
2026-04-28,1.6081433955360047
2026-04-29,1.6103940354029707
2026-04-30,1.6059723784192033
2026-05-04,1.612799907718079
2026-05-06,1.6212419324011633
2026-05-07,1.626704339827006
