date,benchmark
2018-01-02,1.0020344044558476
2018-01-03,1.004062150893191
2018-01-04,0.9993562009095915
2018-01-05,1.0071482982351956
2018-01-08,1.0108930626491188
2018-01-09,1.0071254509840184
2018-01-10,1.0005553826854325
2018-01-11,0.9991099905178868
2018-01-12,0.9992629134533908
2018-01-15,0.999558809408874
2018-01-16,1.0047114689512642
2018-01-17,1.0037390592313826
2018-01-18,1.0047274179561885
2018-01-19,1.0046129685876068
2018-01-22,0.9973899195129182
2018-01-23,1.0065635697995332
2018-01-24,1.0076204064581336
2018-01-25,1.0121573555917658
2018-01-26,1.014142219171844
2018-01-29,1.0160100780422876
2018-01-30,1.0063578146962353
2018-01-31,1.007989172772121
2018-02-01,1.0087113918197947
2018-02-02,0.9969154785328738
2018-02-05,0.9969154785328738
2018-02-06,0.9828344864451704
2018-02-07,0.9690190371510187
2018-02-08,0.9734928540247288
2018-02-09,0.9573089238502461
2018-02-12,0.9627925105662013
2018-02-13,0.9673269931135015
2018-02-14,0.9759669725940157
2018-02-15,0.9759669725940157
2018-02-16,0.9759669725940157
2018-02-19,0.9778595690703915
2018-02-20,0.9707700330223621
2018-02-21,0.9743913729031192
2018-02-22,0.9701312759884451
2018-02-23,0.9793401005459781
2018-02-26,0.9813706266972116
2018-02-27,0.9805937598038311
2018-02-28,0.9737708275245612
2018-03-01,0.9737708275245612
2018-03-02,0.9737708275245612
2018-03-05,0.9737708275245612
2018-03-06,0.969161764438294
2018-03-07,0.9706350919314146
2018-03-08,0.9767050864229635
2018-03-09,0.9830592371234834
2018-03-12,0.9879115709332552
2018-03-13,0.9911175034284105
2018-03-14,0.9914419535356146
2018-03-15,0.9944449042391451
2018-03-16,0.9927576413504929
2018-03-19,0.9879396607684057
2018-03-20,0.9906193355607706
2018-03-21,0.9910221814794097
2018-03-22,0.9938649208640372
2018-03-23,0.975887748268208
2018-03-26,0.9802205019320593
2018-03-27,0.9827109025486522
2018-03-28,0.9770666032226263
2018-03-29,0.9820089361282265
2018-03-30,0.9835180247583472
2018-04-02,0.9817040799100252
2018-04-03,0.9806870249780067
2018-04-04,0.9724212118598047
2018-04-05,0.9796142156450315
2018-04-06,0.9776628575262755
2018-04-09,0.9819887794790021
2018-04-10,0.9821165433134256
2018-04-11,0.9812455264967682
2018-04-12,0.9815794291878641
2018-04-13,0.9854438255647957
2018-04-16,0.9848667321223502
2018-04-17,0.9834839427454133
2018-04-18,0.9904705965677814
2018-04-19,0.9926420294883735
2018-04-20,0.9875842816589658
2018-04-23,0.986351706599282
2018-04-24,0.9830481957277778
2018-04-25,0.978105504413621
2018-04-26,0.9855658972880694
2018-04-27,0.9927564865042224
2018-04-30,0.9966855208107928
2018-05-01,0.9966855208107928
2018-05-02,0.9907423066733086
2018-05-03,0.9890149568316994
2018-05-04,0.9838452946111723
2018-05-07,0.9838452946111723
2018-05-08,0.9800008300869102
2018-05-09,0.9778899834665511
2018-05-10,0.9823324414915152
2018-05-11,0.9862090549063932
2018-05-14,0.9848778324403641
2018-05-15,0.9786511730307549
2018-05-16,0.98011295463529
2018-05-17,0.979274578617222
2018-05-18,0.9815719697468398
2018-05-21,0.9828437321987503
2018-05-22,0.9828437321987503
2018-05-23,0.9873445871412123
2018-05-24,0.98688039729427
2018-05-25,0.9880287288064292
2018-05-28,0.9902355511502802
2018-05-29,0.9852138360713578
2018-05-30,0.9727300937511418
2018-05-31,0.9757235908891232
2018-06-01,0.9788437534030616
2018-06-04,0.9809621859755255
2018-06-05,0.9821492431629071
2018-06-06,0.9821492431629071
2018-06-07,0.9869205211499052
2018-06-08,0.9820763323191369
2018-06-11,0.9867920258394184
2018-06-12,0.9865408345044299
2018-06-13,0.9865408345044299
2018-06-14,0.9759352211915059
2018-06-15,0.9735702124747653
2018-06-18,0.9677507483704821
2018-06-19,0.961495035640022
2018-06-20,0.9654795292901068
2018-06-21,0.9613704398101144
2018-06-22,0.9657663870984404
2018-06-25,0.9655402033758802
2018-06-26,0.964514441507014
2018-06-27,0.9633144735772308
2018-06-28,0.9594359870398053
2018-06-29,0.95979734138394
2018-07-02,0.9482002587195274
2018-07-03,0.9479533510911892
2018-07-04,0.9468658893635268
2018-07-05,0.9456850470917154
2018-07-06,0.9497864478878618
2018-07-09,0.9538066469989814
2018-07-10,0.954930391498378
2018-07-11,0.9525657515697269
2018-07-12,0.9538961650499346
2018-07-13,0.9591506225189779
2018-07-16,0.9572732647545996
2018-07-17,0.9570127978253661
2018-07-18,0.9559887680240421
2018-07-19,0.9542699101380838
2018-07-20,0.9575963953086356
2018-07-23,0.9525890843154121
2018-07-24,0.9533325421715526
2018-07-25,0.9530950455295422
2018-07-26,0.9567229766958807
2018-07-27,0.9583969960869597
2018-07-30,0.9563989420194098
2018-07-31,0.957878009030956
2018-08-01,0.9586347675358676
2018-08-02,0.9490569864952068
2018-08-03,0.9530766366194341
2018-08-06,0.9528252133759907
2018-08-07,0.9572804659333378
2018-08-08,0.9569646876541955
2018-08-09,0.958031049956442
2018-08-10,0.9524570760845779
2018-08-13,0.9449994621440181
2018-08-14,0.9476540357718114
2018-08-15,0.9476540357718114
2018-08-16,0.9425328201974358
2018-08-17,0.9438815114428346
2018-08-20,0.9449757771685173
2018-08-21,0.952590637114361
2018-08-22,0.95449946250356
2018-08-23,0.9562629517309492
2018-08-24,0.958851700989854
2018-08-27,0.9624685287487627
2018-08-28,0.9634694653236892
2018-08-29,0.9650926107224591
2018-08-30,0.9650626330561227
2018-08-31,0.9689689712001481
2018-09-03,0.9663912011888056
2018-09-04,0.9689219783902058
2018-09-05,0.9612650961550966
2018-09-06,0.9626719792574554
2018-09-07,0.9582298287121278
2018-09-10,0.9594758664106133
2018-09-11,0.9579025778123994
2018-09-12,0.9574577522343326
2018-09-13,0.957869730024799
2018-09-14,0.9659269811886452
2018-09-17,0.960915113079367
2018-09-18,0.9633664093693743
2018-09-19,0.9625470522658107
2018-09-20,0.9660440541275093
2018-09-21,0.9683651834619984
2018-09-24,0.9683651834619984
2018-09-25,0.9683651834619984
2018-09-26,0.9683651834619984
2018-09-27,0.9739845871510272
2018-09-28,0.9709711296138303
2018-10-01,0.9705513656637345
2018-10-02,0.9641118013925188
2018-10-03,0.9641118013925188
2018-10-04,0.9526038867513953
2018-10-05,0.9514649822422827
2018-10-08,0.9488668426674118
2018-10-09,0.9488668426674118
2018-10-10,0.9464210072349484
2018-10-11,0.9242159783010601
2018-10-12,0.9287789780640967
2018-10-15,0.9261433247515533
2018-10-16,0.92503848917222
2018-10-17,0.9333269083634291
2018-10-18,0.9296144654340491
2018-10-19,0.931117623892136
2018-10-22,0.9316272863434735
2018-10-23,0.9194254786621044
2018-10-24,0.9169372596679166
2018-10-25,0.9093660400072556
2018-10-26,0.9021607667374538
2018-10-29,0.8987190473953267
2018-10-30,0.9021184396111576
2018-10-31,0.9034622177442097
2018-11-01,0.9007706420693047
2018-11-02,0.9206405110681648
2018-11-05,0.9147304907906577
2018-11-06,0.9184592775227362
2018-11-07,0.9146833551389522
2018-11-08,0.9207282206428492
2018-11-09,0.9183757266829199
2018-11-12,0.9204573368061243
2018-11-13,0.9162066236833811
2018-11-14,0.9156527468394533
2018-11-15,0.9201356337361121
2018-11-16,0.9196192796317333
2018-11-19,0.9225933507692484
2018-11-20,0.9169672927324731
2018-11-21,0.9140961355340884
2018-11-22,0.9136461457576797
2018-11-23,0.9113377878464463
2018-11-26,0.9187296715568748
2018-11-27,0.9235910343911878
2018-11-28,0.9268706121252641
2018-11-29,0.9292320858748274
2018-11-30,0.9246768513052429
2018-12-03,0.933126570255474
2018-12-04,0.9278391065927308
2018-12-05,0.9258181105090224
2018-12-06,0.9199012252530677
2018-12-07,0.9215429000002757
2018-12-10,0.9162592336674461
2018-12-11,0.9148620647147283
2018-12-12,0.9212517123790143
2018-12-13,0.9237263882547038
2018-12-14,0.9152836806572926
2018-12-17,0.9169670264318281
2018-12-18,0.9156507449806511
2018-12-19,0.9206613893538288
2018-12-20,0.9158605479013138
2018-12-21,0.9142223463011131
2018-12-24,0.9138688537280675
2018-12-26,0.9079570658195537
2018-12-27,0.9149670544951259
2018-12-28,0.9170620652554708
2018-12-31,0.9170620652554708
2019-01-02,0.9107248575420186
2019-01-03,0.9053409822636321
2019-01-04,0.9085672693792124
2019-01-07,0.9164982190056038
2019-01-08,0.9164982190056038
2019-01-09,0.9231059859488753
2019-01-10,0.9238739660662473
2019-01-11,0.9267819908228733
2019-01-14,0.9228030205091191
2019-01-15,0.9342492872242498
2019-01-16,0.9363483403161464
2019-01-17,0.9377910711210642
2019-01-18,0.9410598518453019
2019-01-21,0.9407040547694583
2019-01-22,0.9387461258063535
2019-01-23,0.9424951531178166
2019-01-24,0.9467809946650068
2019-01-25,0.9567406866365349
2019-01-28,0.9560476954351762
2019-01-29,0.9581982906729895
2019-01-30,0.9645057938307872
2019-01-31,0.9655517265933908
2019-02-01,0.9656590287127528
2019-02-04,0.9656590287127528
2019-02-05,0.9656590287127528
2019-02-06,0.9656590287127528
2019-02-07,0.965405237279761
2019-02-08,0.9581455710620709
2019-02-11,0.9599890704521967
2019-02-12,0.9619340559547297
2019-02-13,0.9648408940964975
2019-02-14,0.9703021387627531
2019-02-15,0.9634796174915545
2019-02-18,0.9667083817818383
2019-02-19,0.9640402240925161
2019-02-20,0.9708566073756503
2019-02-21,0.9702898804492508
2019-02-22,0.9706168273336534
2019-02-25,0.9717261716943831
2019-02-26,0.9696236355580196
2019-02-27,0.9721394801295211
2019-02-28,0.9623420956910613
2019-03-01,0.9623420956910613
2019-03-04,0.9581881540001922
2019-03-05,0.9543172067943054
2019-03-06,0.9529591064333575
2019-03-07,0.9519437891645764
2019-03-08,0.9452296624070476
2019-03-11,0.9452781417363131
2019-03-12,0.950926920467674
2019-03-13,0.9475306197730666
2019-03-14,0.9483634701028751
2019-03-15,0.9548087168870912
2019-03-18,0.95492303995934
2019-03-19,0.9548481577843265
2019-03-20,0.9555539382951406
2019-03-21,0.9611276960111671
2019-03-22,0.9621855062669132
2019-03-25,0.9527839621209503
2019-03-26,0.9525840284834497
2019-03-27,0.9540272451054803
2019-03-28,0.9518674962791429
2019-03-29,0.9552045728412017
2019-04-01,0.9617058903271221
2019-04-02,0.9643729250314335
2019-04-03,0.9717966529220542
2019-04-04,0.9727912521432608
2019-04-05,0.9731920242460997
2019-04-08,0.9727755087440786
2019-04-09,0.9734698560693053
2019-04-10,0.9767569529729687
2019-04-11,0.9755693477991558
2019-04-12,0.9764083387312588
2019-04-15,0.9775105069899555
2019-04-16,0.9796047933522153
2019-04-17,0.9785250615831207
2019-04-18,0.9713926043715637
2019-04-19,0.9710722233469242
2019-04-22,0.9700775987014401
2019-04-23,0.9713323266179956
2019-04-24,0.9653905980943814
2019-04-25,0.9657428392192634
2019-04-26,0.9623158532391209
2019-04-29,0.974254455925236
2019-04-30,0.9712308974917148
2019-05-01,0.9712308974917148
2019-05-02,0.9725853744836701
2019-05-03,0.9667401753491272
2019-05-06,0.9667401753491272
2019-05-07,0.9632294613133953
2019-05-08,0.960392784102395
2019-05-09,0.9440497134883916
2019-05-10,0.9448194445618211
2019-05-13,0.9381325815158545
2019-05-14,0.9370599136105597
2019-05-15,0.9401350168578205
2019-05-16,0.9333859858472155
2019-05-17,0.929784003401924
2019-05-20,0.9303536314914717
2019-05-21,0.9338939743110586
2019-05-22,0.9350756787708786
2019-05-23,0.9350652386539613
2019-05-24,0.9316590811575202
2019-05-27,0.9317350355780615
2019-05-28,0.932259059573436
2019-05-29,0.9266993811897288
2019-05-30,0.9317985126819276
2019-05-31,0.9325722950895049
2019-06-03,0.9414338560381675
2019-06-04,0.9408078123876915
2019-06-05,0.9425617881644514
2019-06-06,0.9425617881644514
2019-06-07,0.9426663464651296
2019-06-10,0.9502868413376352
2019-06-11,0.9528652000209306
2019-06-12,0.9532857155375096
2019-06-13,0.9482385624942952
2019-06-14,0.9485615817853794
2019-06-17,0.9480216489820833
2019-06-18,0.9510239161533391
2019-06-19,0.9583819317491408
2019-06-20,0.9623713240800882
2019-06-21,0.9600718946887581
2019-06-24,0.961311019670924
2019-06-25,0.9597169905087684
2019-06-26,0.9594792435990211
2019-06-27,0.966532216858015
2019-06-28,0.9654315641183482
2019-07-01,0.9652907281289699
2019-07-02,0.9625820599711764
2019-07-03,0.9568817784559349
2019-07-04,0.961823834456708
2019-07-05,0.9610395979341625
2019-07-08,0.9486615209016391
2019-07-09,0.9477122170267622
2019-07-10,0.94905678528382
2019-07-11,0.9563964763160425
2019-07-12,0.9568512377350048
2019-07-15,0.9564289899035067
2019-07-16,0.9591353856357424
2019-07-17,0.9548396998517308
2019-07-18,0.9560175186065708
2019-07-19,0.9646019009250844
2019-07-22,0.9639346495506368
2019-07-23,0.9667164776581513
2019-07-24,0.9614852500336218
2019-07-25,0.9613708214992677
2019-07-26,0.9602125992233227
2019-07-29,0.9531758025633333
2019-07-30,0.9547715902934938
2019-07-31,0.9494277543214291
2019-08-01,0.9483129746238138
2019-08-02,0.943642733088393
2019-08-05,0.9345189855107953
2019-08-06,0.9266602217352043
2019-08-07,0.9231925578267287
2019-08-08,0.9253015978249894
2019-08-09,0.9283705402890938
2019-08-12,0.9296256680570083
2019-08-13,0.9255389496748184
2019-08-14,0.9295625576966537
2019-08-15,0.9295625576966537
2019-08-16,0.9296348617134315
2019-08-19,0.9328176797540261
2019-08-20,0.9377301855440753
2019-08-21,0.9365698073594823
2019-08-22,0.9334021211106716
2019-08-23,0.9319383050208597
2019-08-26,0.9261873227617251
2019-08-27,0.9266608756429205
2019-08-28,0.9313510220297044
2019-08-29,0.9283964929779368
2019-08-30,0.9367998393522574
2019-09-02,0.9356199292787437
2019-09-03,0.9338927311700345
2019-09-04,0.9415533867439091
2019-09-05,0.9457842904463828
2019-09-06,0.9480987175068125
2019-09-09,0.953412646179527
2019-09-10,0.955396156607505
2019-09-11,0.9588944254695962
2019-09-12,0.9588944254695962
2019-09-13,0.9588944254695962
2019-09-16,0.9560773099673867
2019-09-17,0.9565899292326099
2019-09-18,0.9613128558788334
2019-09-19,0.9653288976729348
2019-09-20,0.9686506555459704
2019-09-23,0.9691708096057587
2019-09-24,0.9728807892294862
2019-09-25,0.9654692738366182
2019-09-26,0.9663639106891477
2019-09-27,0.959898188129894
2019-09-30,0.964260840459847
2019-10-01,0.9642352062042746
2019-10-02,0.951979804985895
2019-10-03,0.951979804985895
2019-10-04,0.9536893529035756
2019-10-07,0.9544655747450392
2019-10-08,0.9609903786922946
2019-10-09,0.9609903786922946
2019-10-10,0.9562750024276729
2019-10-11,0.9584946966308333
2019-10-14,0.9651851868831404
2019-10-15,0.9657331341434576
2019-10-16,0.9677788894910668
2019-10-17,0.9643734049577387
2019-10-18,0.9583129676517643
2019-10-21,0.9593056927979816
2019-10-22,0.9667565378717391
2019-10-23,0.9634361411312944
2019-10-24,0.9655203747681312
2019-10-25,0.9650862576959753
2019-10-28,0.9642908308879594
2019-10-29,0.962274559495306
2019-10-30,0.9587068934234118
2019-10-31,0.9621043712361597
2019-11-01,0.9663774494371816
2019-11-04,0.9717803124948626
2019-11-05,0.9757267832866318
2019-11-06,0.9758393690481711
2019-11-07,0.9754561153150964
2019-11-08,0.9739769589499788
2019-11-11,0.9702789006391469
2019-11-12,0.9734275695694532
2019-11-13,0.9702888815639672
2019-11-14,0.9756931207228563
2019-11-15,0.9833337811495075
2019-11-18,0.9831125818598618
2019-11-19,0.9821213727413137
2019-11-20,0.9764323349838114
2019-11-21,0.9680734539280281
2019-11-22,0.970315198029439
2019-11-25,0.975695264676763
2019-11-26,0.9763262820774781
2019-11-27,0.9781402001616718
2019-11-28,0.9755211110729066
2019-11-29,0.9669138703605809
2019-12-02,0.9670252197940165
2019-12-03,0.9623751565475797
2019-12-04,0.9609781097077471
2019-12-05,0.9596406795019228
2019-12-06,0.9658765868021346
2019-12-09,0.9686813425848126
2019-12-10,0.9727830748435382
2019-12-11,0.9748027017752425
2019-12-12,0.9854472793629895
2019-12-13,0.9938381931394421
2019-12-16,0.9946175799731065
2019-12-17,1.0027813330017337
2019-12-18,1.0028207535804214
2019-12-19,1.0014524548365265
2019-12-20,1.0022097673654993
2019-12-23,1.0032752461953007
2019-12-24,1.0001119114189025
2019-12-26,1.002453590462766
2019-12-27,1.0101567505681768
2019-12-30,1.0080845669950897
2019-12-31,1.0080845669950897
2020-01-02,1.0027729430802566
2020-01-03,1.0053649680393906
2020-01-06,1.001463958048106
2020-01-07,1.0047749983503242
2020-01-08,1.000697383172251
2020-01-09,1.007926225111379
2020-01-10,1.0114020743573915
2020-01-13,1.0177437608778512
2020-01-14,1.0213261386086454
2020-01-15,1.018906507427829
2020-01-16,1.0248903429036123
2020-01-17,1.0249245682911883
2020-01-20,1.0294686895656378
2020-01-21,1.025288588770655
2020-01-22,1.0321764972201095
2020-01-23,1.0247954171783349
2020-01-24,1.0247954171783349
2020-01-27,1.0247954171783349
2020-01-28,1.0097827069748686
2020-01-29,1.0126476441221424
2020-01-30,1.002313850013106
2020-01-31,0.9956992664113202
2020-02-03,0.9969059230190186
2020-02-04,1.0044473577753728
2020-02-05,1.0078451075893722
2020-02-06,1.0252100678423242
2020-02-07,1.0210931853683356
2020-02-10,1.0177569038041514
2020-02-11,1.0237456515284569
2020-02-12,1.0284988227356757
2020-02-13,1.027185888759999
2020-02-14,1.0295420558271766
2020-02-17,1.0297353209320037
2020-02-18,1.0225613493756742
2020-02-19,1.0233947169967883
2020-02-20,1.0223067042322904
2020-02-21,1.0158629755698367
2020-02-24,0.9939523321951089
2020-02-25,1.0003527791462843
2020-02-26,0.9925709798065573
2020-02-27,0.984548063235407
2020-02-28,0.9693943282331626
2020-03-02,0.9734661459769184
2020-03-03,0.9763673311601975
2020-03-04,0.991769072806169
2020-03-05,0.9961209657047637
2020-03-06,0.9829705800107112
2020-03-09,0.960928849784183
2020-03-10,0.9619082932695482
2020-03-11,0.9438954807378721
2020-03-12,0.9246162221084389
2020-03-13,0.9042781867041367
2020-03-16,0.8862403189823554
2020-03-17,0.8759756653220448
2020-03-18,0.8453649432625228
2020-03-19,0.8031567516912642
2020-03-20,0.841522351978654
2020-03-23,0.8090910157839776
2020-03-24,0.854515280347426
2020-03-25,0.8853094953053688
2020-03-26,0.8798881411227928
2020-03-27,0.8918205694406061
2020-03-30,0.8878251629770265
2020-03-31,0.8978023812055405
2020-04-01,0.8724534846623968
2020-04-02,0.8892881997793978
2020-04-03,0.8865678788015399
2020-04-06,0.9080788168873484
2020-04-07,0.9158884953264755
2020-04-08,0.9099766575337176
2020-04-09,0.9211879461208731
2020-04-10,0.9255846040121958
2020-04-13,0.915528074796865
2020-04-14,0.9252831431347338
2020-04-15,0.9252831431347338
2020-04-16,0.9269540147780224
2020-04-17,0.9431212146530159
2020-04-20,0.9360411539943535
2020-04-21,0.9294548504797575
2020-04-22,0.9317956817619346
2020-04-23,0.9370316257299117
2020-04-24,0.9284322409755209
2020-04-27,0.9387477750149419
2020-04-28,0.9426459722931809
2020-04-29,0.9478198765343525
2020-04-30,0.9478198765343525
2020-05-01,0.9478198765343525
2020-05-04,0.9312175310224352
2020-05-05,0.9312175310224352
2020-05-06,0.9413101385940572
2020-05-07,0.9407683336630523
2020-05-08,0.9474811435097499
2020-05-11,0.9424121899210343
2020-05-12,0.9396719422593696
2020-05-13,0.9468893602852597
2020-05-14,0.9412598222669943
2020-05-15,0.9427020963297
2020-05-18,0.9461203715158827
2020-05-19,0.9608160469925001
2020-05-20,0.9631431471903342
2020-05-21,0.9662568074100898
2020-05-22,0.9563159966479154
2020-05-25,0.964611398480273
2020-05-26,0.9746067008883814
2020-05-27,0.9745070467708324
2020-05-28,0.9761756731291461
2020-05-29,0.9741454498913861
2020-06-01,0.9853127380735732
2020-06-02,0.9915376964543561
2020-06-03,1.0119772015253015
2020-06-04,1.0125802807015658
2020-06-05,1.0220362058231374
2020-06-08,1.0211653312887756
2020-06-09,1.023434278703124
2020-06-10,1.0253057996165238
2020-06-11,1.0156105614061037
2020-06-12,1.0029937846377817
2020-06-15,0.9715998575453104
2020-06-16,1.0080517120386345
2020-06-17,1.0058436182977686
2020-06-18,1.0056363091575151
2020-06-19,1.0056363091575151
2020-06-22,1.0028858639237794
2020-06-23,1.004797419547018
2020-06-24,1.0153669722529068
2020-06-25,1.0006245252784962
2020-06-26,1.0096779309875672
2020-06-29,0.9985485581257952
2020-06-30,1.0037427339341871
2020-07-01,1.0025457597399494
2020-07-02,1.0112289811085695
2020-07-06,1.024571111574779
2020-07-07,1.0178884921737068
2020-07-08,1.0166448965808517
2020-07-09,1.0190403153221224
2020-07-10,1.012930525984594
2020-07-13,1.0239518349925922
2020-07-14,1.0228879833675482
2020-07-15,1.0293287916234264
2020-07-16,1.0238678527931557
2020-07-17,1.0298513262094648
2020-07-20,1.0288514108502738
2020-07-21,1.037258318238612
2020-07-22,1.0352569836350194
2020-07-23,1.0328453910754525
2020-07-24,1.0294043943469915
2020-07-27,1.0354808968636695
2020-07-28,1.0480743791621046
2020-07-29,1.0514921645821007
2020-07-30,1.0533933653643572
2020-07-31,1.0479921086516957
2020-08-03,1.0476202706969728
2020-08-04,1.05529535137441
2020-08-05,1.0627987253402789
2020-08-06,1.072203662447548
2020-08-07,1.0745701457662318
2020-08-10,1.0827879986039417
2020-08-11,1.0910747697004455
2020-08-12,1.0942547739124169
2020-08-13,1.0940697638770887
2020-08-14,1.0859506766827176
2020-08-17,1.0859506766827176
2020-08-18,1.074181152636825
2020-08-19,1.0768612885743334
2020-08-20,1.0507306792777305
2020-08-21,1.0590589809554385
2020-08-24,1.0671362537648033
2020-08-25,1.0750737709033713
2020-08-26,1.0743784775344032
2020-08-27,1.0679727830593053
2020-08-28,1.069046721449103
2020-08-31,1.0579695758779828
2020-09-01,1.0603968686039844
2020-09-02,1.0651938900172537
2020-09-03,1.075520869159732
2020-09-04,1.066360393657651
2020-09-07,1.0677503529880406
2020-09-08,1.076201934354428
2020-09-09,1.0697926003928642
2020-09-10,1.075850678619997
2020-09-11,1.0752031328068798
2020-09-14,1.0842672293489406
2020-09-15,1.0897366896309086
2020-09-16,1.088821508412173
2020-09-17,1.0780952267908999
2020-09-18,1.0805363893576216
2020-09-21,1.075155163342858
2020-09-22,1.0612309129008186
2020-09-23,1.0646354200137003
2020-09-24,1.04992787447649
2020-09-25,1.0534672264235139
2020-09-28,1.0626769141484322
2020-09-29,1.0684761246727172
2020-09-30,1.0684761246727172
2020-10-01,1.0684761246727172
2020-10-02,1.0684761246727172
2020-10-05,1.0737199580252772
2020-10-06,1.0732517158121517
2020-10-07,1.07945785008399
2020-10-08,1.0794514029817026
2020-10-09,1.0794514029817026
2020-10-12,1.0816776523322265
2020-10-13,1.083089696405965
2020-10-14,1.0772880601420158
2020-10-15,1.073625383755202
2020-10-16,1.069683194193181
2020-10-19,1.0730184018240565
2020-10-20,1.0765077114394253
2020-10-21,1.0764438360643893
2020-10-22,1.0726503222747799
2020-10-23,1.075483275546253
2020-10-26,1.0747317415046767
2020-10-27,1.068602579208975
2020-10-28,1.0720832880144768
2020-10-29,1.0643058456070829
2020-10-30,1.0463109732196785
2020-11-02,1.0536790822547388
2020-11-03,1.0664587183920473
2020-11-04,1.0721569081010298
2020-11-05,1.087336103750755
2020-11-06,1.0877839058052825
2020-11-09,1.095877861877112
2020-11-10,1.0938830577514453
2020-11-11,1.1030523992895738
2020-11-12,1.1001012305043811
2020-11-13,1.1080333554919866
2020-11-16,1.1220595001788773
2020-11-17,1.1220183993287738
2020-11-18,1.1221420474952966
2020-11-19,1.1231600950233918
2020-11-20,1.1237596796107518
2020-11-23,1.1402193075321372
2020-11-24,1.1431585160078044
2020-11-25,1.138119141130722
2020-11-26,1.143806544486749
2020-11-27,1.1460430561971127
2020-11-30,1.1348269807245475
2020-12-01,1.145815214503211
2020-12-02,1.1569145715891322
2020-12-03,1.1619171035004452
2020-12-04,1.1753837751035119
2020-12-07,1.1793868947368673
2020-12-08,1.1680874444452771
2020-12-09,1.1838204666816667
2020-12-10,1.178387129726122
2020-12-11,1.1842533070351573
2020-12-14,1.1814190588294171
2020-12-15,1.1812200375143644
2020-12-16,1.1835522955794213
2020-12-17,1.1808874341777615
2020-12-18,1.1812024263662484
2020-12-21,1.1829260070264316
2020-12-22,1.1722794283903668
2020-12-23,1.182834826510735
2020-12-24,1.1952957528706127
2020-12-28,1.198895742717217
2020-12-29,1.2105530514841747
2020-12-30,1.2251734809153538
2020-12-31,1.2251734809153538
2021-01-04,1.2443551864074096
2021-01-05,1.2567479848195715
2021-01-06,1.2474726320517953
2021-01-07,1.2650629798151634
2021-01-08,1.2982173470456715
2021-01-11,1.3021302871192506
2021-01-12,1.295018511263055
2021-01-13,1.2997057966060614
2021-01-14,1.2980981358820047
2021-01-15,1.2813308931949614
2021-01-18,1.2641305602802522
2021-01-19,1.2844350957494588
2021-01-20,1.2891872073382002
2021-01-21,1.300510171986671
2021-01-22,1.2929192798499318
2021-01-25,1.3105442390276167
2021-01-26,1.28961873405908
2021-01-27,1.2875964055625133
2021-01-28,1.273283709817515
2021-01-29,1.255799090899493
2021-02-01,1.2732646677990604
2021-02-02,1.2862537591613148
2021-02-03,1.2924404247605976
2021-02-04,1.278581303487968
2021-02-05,1.2881680429897744
2021-02-08,1.2794421316499551
2021-02-09,1.2772974229080496
2021-02-10,1.2819789865550166
2021-02-11,1.2819789865550166
2021-02-12,1.2819789865550166
2021-02-15,1.2917858216187477
2021-02-16,1.2961067456857518
2021-02-17,1.2870398539323862
2021-02-18,1.2768812156884277
2021-02-19,1.2825124514162873
2021-02-22,1.2723353106916153
2021-02-23,1.2719243541544343
2021-02-24,1.2584077762517811
2021-02-25,1.2846851235076837
2021-02-26,1.2598373003040386
2021-03-01,1.2598373003040386
2021-03-02,1.2677593173005175
2021-03-03,1.2771839407668923
2021-03-04,1.266364335786287
2021-03-05,1.2617935290008084
2021-03-08,1.2534903477767323
2021-03-09,1.247655533476442
2021-03-10,1.243747561221678
2021-03-11,1.2596351555303849
2021-03-12,1.263708206419164
2021-03-15,1.2578264099782037
2021-03-16,1.2663880225875712
2021-03-17,1.259237636596286
2021-03-18,1.2638474530273225
2021-03-19,1.2576711787803203
2021-03-22,1.260500737071611
2021-03-23,1.2550141965461081
2021-03-24,1.2529065551075682
2021-03-25,1.2576555551341126
2021-03-26,1.2630676640654606
2021-03-29,1.2626184678355232
2021-03-30,1.2677267705115949
2021-03-31,1.265841691064645
2021-04-01,1.2739423430751835
2021-04-02,1.281554366996725
2021-04-05,1.2830726463477626
2021-04-06,1.2837364759097791
2021-04-07,1.285609057662511
2021-04-08,1.2870119126751742
2021-04-09,1.2826123301038572
2021-04-12,1.283794227219459
2021-04-13,1.2915656957192854
2021-04-14,1.2986524079910844
2021-04-15,1.2977986090343743
2021-04-16,1.2976164687581688
2021-04-19,1.2993936016937677
2021-04-20,1.3033892465003412
2021-04-21,1.2893507887091065
2021-04-22,1.2913622947908376
2021-04-23,1.289550947409005
2021-04-26,1.2946584617066665
2021-04-27,1.296367758661533
2021-04-28,1.2875248855746098
2021-04-29,1.284420262834163
2021-04-30,1.2777830304957336
2021-05-03,1.2727774558562028
2021-05-04,1.279486574968124
2021-05-05,1.279486574968124
2021-05-06,1.2851275091376007
2021-05-07,1.2890984092685667
2021-05-10,1.3014431557755881
2021-05-11,1.2881652820347065
2021-05-12,1.275772538391062
2021-05-13,1.2658193100113648
2021-05-14,1.2727081114659777
2021-05-17,1.271361360735826
2021-05-18,1.2802314690961487
2021-05-19,1.2802314690961487
2021-05-20,1.2772652244307756
2021-05-21,1.2773835027167815
2021-05-24,1.2753895912779007
2021-05-25,1.2825133067933754
2021-05-26,1.280974102741769
2021-05-27,1.280245168500639
2021-05-28,1.2838897776424336
2021-05-31,1.2852377969209121
2021-06-01,1.2896190885196264
2021-06-02,1.2880523317897787
2021-06-03,1.2958090629064358
2021-06-04,1.2937175030289758
2021-06-07,1.2971781768849338
2021-06-08,1.2971942552980291
2021-06-09,1.2890939572941866
2021-06-10,1.2925711337603576
2021-06-11,1.2977401739971501
2021-06-14,1.2980163748562927
2021-06-15,1.300827928885158
2021-06-16,1.3054147250879493
2021-06-17,1.300584616386316
2021-06-18,1.3046098637859505
2021-06-21,1.2984692268564504
2021-06-22,1.3017274026314145
2021-06-23,1.3063799853681384
2021-06-24,1.3090486842278743
2021-06-25,1.311007348859191
2021-06-28,1.3081618083724889
2021-06-29,1.3064477071952374
2021-06-30,1.3100926992883593
2021-07-01,1.3055642104855942
2021-07-02,1.304162891500392
2021-07-05,1.308482764716506
2021-07-06,1.3105612044826593
2021-07-07,1.3094304843637292
2021-07-08,1.302642456863131
2021-07-09,1.293251094693969
2021-07-12,1.301120384201497
2021-07-13,1.307160389030627
2021-07-14,1.3053949987673317
2021-07-15,1.3101216859518177
2021-07-16,1.307355822187169
2021-07-19,1.300054473203696
2021-07-20,1.3006661524957746
2021-07-21,1.2969203572013326
2021-07-22,1.3055593159467354
2021-07-23,1.3079736333295784
2021-07-26,1.300540086878829
2021-07-27,1.3018162527995838
2021-07-28,1.3047369508723128
2021-07-29,1.3046513059233817
2021-07-30,1.295686894309275
2021-08-02,1.2980279311690694
2021-08-03,1.3054219980325397
2021-08-04,1.3174617403396254
2021-08-05,1.3153430875249066
2021-08-06,1.3108868880175781
2021-08-09,1.3065550747899177
2021-08-10,1.3015458317404183
2021-08-11,1.2944636910723484
2021-08-12,1.291615133934502
2021-08-13,1.2782731690153817
2021-08-16,1.2782731690153817
2021-08-17,1.2714639801843892
2021-08-18,1.2754790662894506
2021-08-19,1.2609368336189755
2021-08-20,1.2541344893866473
2021-08-23,1.2592563038953646
2021-08-24,1.2716963242405321
2021-08-25,1.2742442781941932
2021-08-26,1.2688452567951964
2021-08-27,1.2679142540744783
2021-08-30,1.2707747386337824
2021-08-31,1.2863361665099187
2021-09-01,1.2859464025513863
2021-09-02,1.2788447922022252
2021-09-03,1.2836362699676966
2021-09-06,1.2853516849252233
2021-09-07,1.2805865711732323
2021-09-08,1.2721683910698576
2021-09-09,1.2595083825463214
2021-09-10,1.26156206771307
2021-09-13,1.2634074648663582
2021-09-14,1.267058500296896
2021-09-15,1.2689986891482299
2021-09-16,1.2616761417790523
2021-09-17,1.2626768206696115
2021-09-20,1.2626768206696115
2021-09-21,1.2626768206696115
2021-09-22,1.2626768206696115
2021-09-23,1.260210060566326
2021-09-24,1.2572973759337283
2021-09-27,1.2590206932334538
2021-09-28,1.2454719408876345
2021-09-29,1.2366691281081033
2021-09-30,1.2396194356713284
2021-10-01,1.2245512941395145
2021-10-04,1.2245512941395145
2021-10-05,1.2122976641222025
2021-10-06,1.1966705340343164
2021-10-07,1.2089638723855973
2021-10-08,1.2078782483420145
2021-10-11,1.2078782483420145
2021-10-12,1.1928280298574585
2021-10-13,1.201817388663558
2021-10-14,1.2129150071880097
2021-10-15,1.220125730114097
2021-10-18,1.2162973819452665
2021-10-19,1.2232153641033552
2021-10-20,1.219433634200827
2021-10-21,1.2183512420860405
2021-10-22,1.2183905168030493
2021-10-25,1.2217613376802434
2021-10-26,1.2273802391011186
2021-10-27,1.2201573340832825
2021-10-28,1.220041112889464
2021-10-29,1.2207372610660707
2021-11-01,1.2088043413811749
2021-11-02,1.2202033403588703
2021-11-03,1.2095000218851322
2021-11-04,1.2150694520271461
2021-11-05,1.2151365853209488
2021-11-08,1.215200858727185
2021-11-09,1.2186750589526703
2021-11-10,1.2103338612055365
2021-11-11,1.208859813027267
2021-11-12,1.2159919391482257
2021-11-15,1.2269011760039088
2021-11-16,1.2242706053982164
2021-11-17,1.2143283836928176
2021-11-18,1.2116892897778588
2021-11-19,1.2159697875426712
2021-11-22,1.2325232744592107
2021-11-23,1.225682121996616
2021-11-24,1.2242325625080532
2021-11-25,1.2204264739875217
2021-11-26,1.2112088652846618
2021-11-29,1.2047843396553493
2021-11-30,1.191873869078473
2021-12-01,1.2108661546510824
2021-12-02,1.2214243314363726
2021-12-03,1.2256332062556587
2021-12-06,1.22814203284271
2021-12-07,1.2333458516690476
2021-12-08,1.2385458912025344
2021-12-09,1.2407861360892982
2021-12-10,1.2357515471539484
2021-12-13,1.2372062233928334
2021-12-14,1.2333245879937842
2021-12-15,1.2332270582191853
2021-12-16,1.238566769264374
2021-12-17,1.2400076328675067
2021-12-20,1.2283968037876172
2021-12-21,1.2341201583914605
2021-12-22,1.2363632675695844
2021-12-23,1.2375892577968792
2021-12-24,1.2433058116877476
2021-12-27,1.238971695001939
2021-12-28,1.2454604438034218
2021-12-29,1.2438958320147273
2021-12-30,1.237250206083404
2021-12-31,1.237250206083404
2022-01-03,1.237250206083404
2022-01-04,1.235749890027259
2022-01-05,1.2221352235070464
2022-01-06,1.2108260514040956
2022-01-07,1.2198161038528033
2022-01-10,1.2138548121495878
2022-01-11,1.215669137377556
2022-01-12,1.2306422143796918
2022-01-13,1.2281583286420044
2022-01-14,1.2133869938398654
2022-01-17,1.2050965221063403
2022-01-18,1.1992214676250321
2022-01-19,1.1954939941670502
2022-01-20,1.1986475752832575
2022-01-21,1.1914789324738058
2022-01-24,1.1834313290468557
2022-01-25,1.1649552167950439
2022-01-26,1.1626943304086894
2022-01-27,1.1377624536652362
2022-01-28,1.15732991119218
2022-01-31,1.15732991119218
2022-02-01,1.15732991119218
2022-02-02,1.15732991119218
2022-02-03,1.164864021386048
2022-02-04,1.1719118297891904
2022-02-07,1.1641795493039528
2022-02-08,1.161393284155865
2022-02-09,1.1730256259095595
2022-02-10,1.1789487261696328
2022-02-11,1.1700192739342508
2022-02-14,1.1700192739342508
2022-02-15,1.1583707774703003
2022-02-16,1.1713518214583039
2022-02-17,1.1759950563093782
2022-02-18,1.172576140054171
2022-02-21,1.1713155189056748
2022-02-22,1.1633744637116934
2022-02-23,1.1657026947881977
2022-02-24,1.151410350395011
2022-02-25,1.1571350739065693
2022-02-28,1.16263325613414
2022-03-01,1.16263325613414
2022-03-02,1.162146139282999
2022-03-03,1.1738791696654027
2022-03-04,1.1628019609806814
2022-03-07,1.1457670201752097
2022-03-08,1.1359659150189325
2022-03-09,1.1359659150189325
2022-03-10,1.1500647617811557
2022-03-11,1.148344054041476
2022-03-14,1.1455436264992975
2022-03-15,1.138904718637602
2022-03-16,1.1490005271663044
2022-03-17,1.1619932305686076
2022-03-18,1.1621220842676765
2022-03-21,1.1550604083446212
2022-03-22,1.1579192693860623
2022-03-23,1.1638494993319823
2022-03-24,1.159576348581684
2022-03-25,1.1564207599080714
2022-03-28,1.1493261574921982
2022-03-29,1.1569562192091611
2022-03-30,1.1622807247199949
2022-03-31,1.161084280754762
2022-04-01,1.1546602594608235
2022-04-04,1.1558581683837637
2022-04-05,1.1545227621781264
2022-04-06,1.145179371514274
2022-04-07,1.1365845190962998
2022-04-08,1.135538015175169
2022-04-11,1.1307213833910548
2022-04-12,1.1238328557418364
2022-04-13,1.1377545029158609
2022-04-14,1.1364213729163306
2022-04-15,1.1262660772006974
2022-04-18,1.1244235597219876
2022-04-19,1.1323306595387932
2022-04-20,1.1333082836566828
2022-04-21,1.1373114429407931
2022-04-22,1.1273422352626872
2022-04-25,1.1218087543994972
2022-04-26,1.125045816696787
2022-04-27,1.1185132214800473
2022-04-28,1.1248839553100751
2022-04-29,1.1325947843077675
2022-05-02,1.1325947843077675
2022-05-03,1.1227455265922994
2022-05-04,1.1220896878225137
2022-05-05,1.1220896878225137
2022-05-06,1.1140157426868893
2022-05-09,1.1140157426868893
2022-05-10,1.1055539014114526
2022-05-11,1.1096262782764978
2022-05-12,1.103035985363628
2022-05-13,1.117120748594624
2022-05-16,1.111961569298987
2022-05-17,1.118445652096113
2022-05-18,1.1185759560390367
2022-05-19,1.1095153032759357
2022-05-20,1.1238673610742906
2022-05-23,1.1255570090911164
2022-05-24,1.1147761132126872
2022-05-25,1.1191894834540113
2022-05-26,1.114524684243655
2022-05-27,1.1227170649358273
2022-05-30,1.1318979224625663
2022-05-31,1.1301184653191922
2022-06-01,1.1301184653191922
2022-06-02,1.1191294558191676
2022-06-03,1.1235383395201772
2022-06-06,1.1235383395201772
2022-06-07,1.106320611697144
2022-06-08,1.1102707287917197
2022-06-09,1.1074060625477693
2022-06-10,1.1001588166819813
2022-06-13,1.0720066626161273
2022-06-14,1.0677108191093572
2022-06-15,1.0526120031037336
2022-06-16,1.0528393519559487
2022-06-17,1.0474540149895013
2022-06-20,1.038134075398504
2022-06-21,1.0420982162158172
2022-06-22,1.0287566835437605
2022-06-23,1.0238277225947818
2022-06-24,1.0387140422996282
2022-06-27,1.0437384191718782
2022-06-28,1.0509507110581242
2022-06-29,1.0402496587307999
2022-06-30,1.030180353849574
2022-07-01,1.0291226691690505
2022-07-04,1.0291936448390642
2022-07-05,1.0430552746438697
2022-07-06,1.0322690890256576
2022-07-07,1.044846660935629
2022-07-08,1.0458383642744042
2022-07-11,1.0420147393509498
2022-07-12,1.0370733051234913
2022-07-13,1.0420791767646242
2022-07-14,1.0398801420163937
2022-07-15,1.0451018835908519
2022-07-18,1.0588096697208342
2022-07-19,1.056664341372951
2022-07-20,1.0581367757981777
2022-07-21,1.0646784654727464
2022-07-22,1.0634044966573488
2022-07-25,1.0690646991144235
2022-07-26,1.0723992309419335
2022-07-27,1.0743250603276588
2022-07-28,1.0746860600571562
2022-07-29,1.080050397798715
2022-08-01,1.0781862692079727
2022-08-02,1.0777561358212806
2022-08-03,1.081050944784925
2022-08-04,1.0840526277514135
2022-08-05,1.089079066386358
2022-08-08,1.0861417439689685
2022-08-09,1.0888691609087864
2022-08-10,1.0796328073118668
2022-08-11,1.0892062602982249
2022-08-12,1.0894505351819253
2022-08-15,1.0894505351819253
2022-08-16,1.0966337750133497
2022-08-17,1.0919142942839497
2022-08-18,1.0885582972207282
2022-08-19,1.0815860716115766
2022-08-22,1.0719096749704107
2022-08-23,1.0633760144319546
2022-08-24,1.0635786798072062
2022-08-25,1.0658253995206044
2022-08-26,1.0653364625078672
2022-08-29,1.0468599238728002
2022-08-30,1.054214398158917
2022-08-31,1.0571953958929592
2022-09-01,1.0408140484421364
2022-09-02,1.0394385491873384
2022-09-05,1.0420224576654915
2022-09-06,1.0408188750750231
2022-09-07,1.0306763339681164
2022-09-08,1.0357352688429857
2022-09-09,1.0357352688429857
2022-09-12,1.0357352688429857
2022-09-13,1.0547290553233444
2022-09-14,1.0420303870994034
2022-09-15,1.0340939148082169
2022-09-16,1.0305080060287748
2022-09-19,1.025037694254914
2022-09-20,1.026745601439541
2022-09-21,1.0182758240317906
2022-09-22,1.0090021432691387
2022-09-23,0.9978266423672668
2022-09-26,0.9770623335353852
2022-09-27,0.9816270547395348
2022-09-28,0.9662406329267214
2022-09-29,0.9664125025507145
2022-09-30,0.9655742505955403
2022-10-03,0.9655742505955403
2022-10-04,0.9846277487183237
2022-10-05,0.9826573896720102
2022-10-06,0.9882289396522366
2022-10-07,0.9829559916949496
2022-10-10,0.9829559916949496
2022-10-11,0.9680392685157811
2022-10-12,0.9789458757819263
2022-10-13,0.9652903926754238
2022-10-14,0.9811256273972937
2022-10-17,0.9817598935187352
2022-10-18,0.9869029435595633
2022-10-19,0.9788994402303719
2022-10-20,0.9723743801572122
2022-10-21,0.965940616589651
2022-10-24,0.9772152954107305
2022-10-25,0.9811448050401024
2022-10-26,0.9891406413672035
2022-10-27,1.0008826185150388
2022-10-28,0.9963355874217477
2022-10-31,1.002795715921987
2022-11-01,1.0145791516819367
2022-11-02,1.0139164305967057
2022-11-03,1.008661187520051
2022-11-04,1.0152494269204444
2022-11-07,1.019017987549432
2022-11-08,1.0284351210339675
2022-11-09,1.0371355557512079
2022-11-10,1.0320606606057818
2022-11-11,1.0633432575325672
2022-11-14,1.058408476876346
2022-11-15,1.0621463158158102
2022-11-16,1.059895786918984
2022-11-17,1.0533650275212825
2022-11-18,1.0529606341328037
2022-11-21,1.0499149733158528
2022-11-22,1.045142740786655
2022-11-23,1.049087517594497
2022-11-24,1.0602155501008295
2022-11-25,1.057948243290526
2022-11-28,1.050658162799377
2022-11-29,1.0559561018368515
2022-11-30,1.0661183844499917
2022-12-01,1.0694670830514372
2022-12-02,1.0581079707483871
2022-12-05,1.056596805007082
2022-12-06,1.0505998124478204
2022-12-07,1.0472115947204614
2022-12-08,1.0467184709936403
2022-12-09,1.05529240577643
2022-12-12,1.051537308549227
2022-12-13,1.049975199759293
2022-12-14,1.059327475876779
2022-12-15,1.0488214121369566
2022-12-16,1.047074671864038
2022-12-19,1.046166112996753
2022-12-20,1.033931079432912
2022-12-21,1.0330922099989541
2022-12-22,1.0438392315241116
2022-12-23,1.0306828539866801
2022-12-26,1.0289919227797784
2022-12-27,1.033966036001268
2022-12-28,1.0244374646575365
2022-12-29,1.0115219375203732
2022-12-30,1.0115219375203732
2023-01-02,1.0050716344631687
2023-01-03,1.0103756067495528
2023-01-04,1.0256695708226629
2023-01-05,1.0314004958119696
2023-01-06,1.0379771681905652
2023-01-09,1.0582200002875677
2023-01-10,1.0600260384054858
2023-01-11,1.0622013636604488
2023-01-12,1.0646190951661072
2023-01-13,1.0732904139787312
2023-01-16,1.0761552949357776
2023-01-17,1.0686485002696147
2023-01-18,1.0680985147571473
2023-01-19,1.0767539236471861
2023-01-20,1.0785704682262993
2023-01-23,1.0785704682262993
2023-01-24,1.0785704682262993
2023-01-25,1.0903333746912793
2023-01-26,1.0990087895332454
2023-01-27,1.1027833298919718
2023-01-30,1.0940521371580316
2023-01-31,1.0812438004483491
2023-02-01,1.0907813659839352
2023-02-02,1.0992379742132867
2023-02-03,1.1038022121071802
2023-02-06,1.0842285167505799
2023-02-07,1.0873941241021174
2023-02-08,1.0968111522196322
2023-02-09,1.0930491749007039
2023-02-10,1.0915896308454165
2023-02-13,1.0851804815909307
2023-02-14,1.0907078748979222
2023-02-15,1.0758415404434643
2023-02-16,1.0883943023902165
2023-02-17,1.0770908896904121
2023-02-20,1.0795868741982875
2023-02-21,1.0794116883684721
2023-02-22,1.0668027285854063
2023-02-23,1.0768391477569548
2023-02-24,1.072756765954325
2023-02-27,1.0647446048107407
2023-02-28,1.0612921027051552
2023-03-01,1.0612921027051552
2023-03-02,1.0601325708948766
2023-03-03,1.0636800382482656
2023-03-06,1.073971449152391
2023-03-07,1.073523250324079
2023-03-08,1.06214156268713
2023-03-09,1.059293652039903
2023-03-10,1.058159116056454
2023-03-13,1.0700626344325608
2023-03-14,1.0585283789392075
2023-03-15,1.0624840649108804
2023-03-16,1.0613356468212751
2023-03-17,1.0682172423504575
2023-03-20,1.0666045528624386
2023-03-21,1.068566918111928
2023-03-22,1.0769541169440278
2023-03-23,1.0798787828931193
2023-03-24,1.0797711646131576
2023-03-27,1.0754963728320024
2023-03-28,1.0822113555538766
2023-03-29,1.0824926516059374
2023-03-30,1.0868139259697531
2023-03-31,1.0937462044332902
2023-04-03,1.0883064278885752
2023-04-04,1.0939514828586057
2023-04-05,1.097566547170134
2023-04-06,1.0875015291145942
2023-04-07,1.0982867094059297
2023-04-10,1.106130364149259
2023-04-11,1.1145367161868955
2023-04-12,1.1165254313773032
2023-04-13,1.1174073628588737
2023-04-14,1.1196200210460272
2023-04-17,1.1175142527615904
2023-04-18,1.1160071473727415
2023-04-19,1.1161915870229968
2023-04-20,1.11248677893964
2023-04-21,1.1118881859454546
2023-04-24,1.1087940601913235
2023-04-25,1.1000066477895394
2023-04-26,1.0995421883085574
2023-04-27,1.1008989715787632
2023-04-28,1.101436880533468
2023-05-01,1.101436880533468
2023-05-02,1.1084577052153584
2023-05-03,1.103775967078718
2023-05-04,1.1033177302340869
2023-05-05,1.1033177302340869
2023-05-08,1.1109092747599516
2023-05-09,1.1088875499871362
2023-05-10,1.103511873633413
2023-05-11,1.1034211870048385
2023-05-12,1.101286610238588
2023-05-15,1.1008959220372718
2023-05-16,1.1033342448079626
2023-05-17,1.105398622391978
2023-05-18,1.105398622391978
2023-05-19,1.1177518644094628
2023-05-22,1.1228195713330498
2023-05-23,1.122284382860736
2023-05-24,1.122284382860736
2023-05-25,1.1145202612112768
2023-05-26,1.1157202500882633
2023-05-30,1.1242154160056288
2023-05-31,1.1235687692448746
2023-06-01,1.1208242474078944
2023-06-02,1.1315675588859868
2023-06-05,1.1309045602905425
2023-06-06,1.1309045602905425
2023-06-07,1.1311605795556874
2023-06-08,1.1263532375228196
2023-06-09,1.1362463955514566
2023-06-12,1.1322577603362445
2023-06-13,1.1355063269669898
2023-06-14,1.1297428005066386
2023-06-15,1.1258168111291165
2023-06-16,1.130056747499576
2023-06-19,1.1270413190341406
2023-06-20,1.125966967290562
2023-06-21,1.1204442675421105
2023-06-22,1.1208212973139184
2023-06-23,1.1172096592071692
2023-06-26,1.1227247323313427
2023-06-27,1.1224281121415716
2023-06-28,1.1189101679892999
2023-06-29,1.117967202999577
2023-06-30,1.1173428941529038
2023-07-07,1.1020635806225372
2023-07-10,1.0982006379993674
2023-07-14,1.136613939536228
2023-07-17,1.1349413946884535
2023-07-19,1.1334623490376996
2023-07-20,1.129902446819863
2023-07-21,1.1292117156182777
2023-07-24,1.1337871618219406
2023-07-26,1.1251948848295608
2023-07-28,1.1281621708950118
2023-08-03,1.118398041463741
2023-08-04,1.117208881734387
2023-08-07,1.1184449156697824
2023-08-08,1.1153351880714932
2023-08-09,1.1217677624511788
2023-08-10,1.1188562183354913
2023-08-11,1.1153391538736566
2023-08-14,1.1076989814799822
2023-08-16,1.0981621062651
2023-08-17,1.0921380868770603
2023-08-18,1.0913862417073532
2023-08-21,1.0898183236385859
2023-08-22,1.0921534880433394
2023-08-23,1.0933017289344433
2023-08-24,1.1036153818144656
2023-08-25,1.0944840493510655
2023-08-28,1.1012693227852097
2023-08-29,1.1057510248702935
2023-08-30,1.1073817564005142
2023-08-31,1.1084901311372808
2023-09-01,1.1169235251249927
2023-09-04,1.1182723630063336
2023-09-05,1.1165149100229272
2023-09-06,1.1117987789218213
2023-09-07,1.105500275099868
2023-09-08,1.1097915660782256
2023-09-11,1.1086201304614258
2023-09-12,1.1054995155962417
2023-09-13,1.106134423007456
2023-09-14,1.117129704326359
2023-09-15,1.1254350287026091
2023-09-18,1.1154244341114352
2023-09-19,1.1114814337654646
2023-09-20,1.1102779791997701
2023-09-21,1.0965201111454608
2023-09-22,1.0951779235218757
2023-09-25,1.0960542246889926
2023-09-26,1.0861391513633611
2023-09-27,1.0881147615900104
2023-10-04,1.0600194551569408
2023-10-05,1.0613760018801213
2023-10-06,1.065337504290467
2023-10-10,1.0678454167947198
2023-10-11,1.0809478127150594
2023-10-12,1.0903991614907171
2023-10-13,1.0819767303173964
2023-10-16,1.0769887944994752
2023-10-17,1.0832524305989084
2023-10-18,1.0838193290839468
2023-10-19,1.068433700514536
2023-10-20,1.0600565453283741
2023-10-23,1.0559364385584586
2023-10-24,1.0640693873901188
2023-10-25,1.0610684474938525
2023-10-26,1.040390449113288
2023-10-27,1.0445775384506213
2023-10-30,1.0450637357034047
2023-10-31,1.037112015676769
2023-11-01,1.0467288106495847
2023-11-02,1.061538610066674
2023-11-03,1.0701987486703506
2023-11-06,1.1022473231071073
2023-11-07,1.0899534752095332
2023-11-08,1.0852446225229975
2023-11-09,1.090756251234734
2023-11-10,1.0866307587710409
2023-11-13,1.085155503041459
2023-11-14,1.0926426972669538
2023-11-15,1.112960458026509
2023-11-16,1.1124971501567968
2023-11-17,1.1098441404716552
2023-11-20,1.1162975337922232
2023-11-21,1.121069034182337
2023-11-22,1.1208612996688363
2023-11-23,1.122721536919395
2023-11-24,1.1149791943491523
2023-11-27,1.1148475860271108
2023-11-28,1.1242898551427798
2023-11-29,1.1250194643493359
2023-11-30,1.1267495021524085
2023-12-01,1.1196473816632313
2023-12-04,1.1255650824562726
2023-12-05,1.1192768692298363
2023-12-06,1.123915879941179
2023-12-07,1.1192558529200027
2023-12-08,1.1299220569313233
2023-12-11,1.1314242369176877
2023-12-12,1.1355179820420007
2023-12-13,1.1289577685169019
2023-12-14,1.1440062921790592
2023-12-15,1.1473675083223618
2023-12-18,1.1502340232229225
2023-12-19,1.1516029365974632
2023-12-20,1.166525388240112
2023-12-21,1.1612787063709296
2023-12-22,1.1630858788458633
2023-12-26,1.1680504467389612
2023-12-27,1.175464399799341
2023-12-28,1.189860221435023
2024-01-02,1.1893500497053904
2024-01-03,1.1685707264836571
2024-01-04,1.1644850075419917
2024-01-05,1.159395562227982
2024-01-08,1.1575310369360772
2024-01-09,1.156453891956543
2024-01-10,1.1483702431617193
2024-01-11,1.1508319491832186
2024-01-12,1.1439644547029924
2024-01-15,1.1481664448113549
2024-01-16,1.1374560315455762
2024-01-17,1.118533744061355
2024-01-19,1.1301184023068171
2024-01-22,1.1326533307150524
2024-01-23,1.1360202469796896
2024-01-24,1.1322917177061549
2024-01-25,1.1322363692935122
2024-01-26,1.1348642028752178
2024-01-29,1.1414483472430856
2024-01-30,1.1433450919149548
2024-01-31,1.1403275377138258
2024-02-01,1.152403487499233
2024-02-02,1.1772567864564145
2024-02-05,1.1651230885269332
2024-02-06,1.161796910035344
2024-02-07,1.1717742701823517
2024-02-08,1.172104579427083
2024-02-13,1.1786561849089647
2024-02-14,1.1665969962163483
2024-02-15,1.167293590103774
2024-02-16,1.1739270840060805
2024-02-19,1.1854670160650564
2024-02-20,1.176558865252312
2024-02-21,1.1754892633885268
2024-02-22,1.1812929470470959
2024-02-23,1.1819482658278602
2024-02-26,1.178381150679238
2024-02-27,1.171389652983044
2024-02-28,1.179717209211948
2024-02-29,1.1767302389225853
2024-03-04,1.188460013179634
2024-03-05,1.183930266251703
2024-03-06,1.1824490574797597
2024-03-07,1.1823330192523456
2024-03-08,1.1950613915925077
2024-03-11,1.1891025404859017
2024-03-12,1.1952524676066902
2024-03-13,1.1984135453979907
2024-03-14,1.2041261282224789
2024-03-15,1.1883626498471944
2024-03-18,1.1917972303192066
2024-03-19,1.181863007176017
2024-03-20,1.194811340917578
2024-03-21,1.21635342485254
2024-03-22,1.2165180418264312
2024-03-25,1.2132752819359183
2024-03-26,1.2194375172867284
2024-03-27,1.2206386258045616
2024-03-28,1.2204365438277978
2024-03-29,1.2213777030399866
2024-04-01,1.2233819415785117
2024-04-02,1.2231142827696755
2024-04-03,1.210804723148538
2024-04-04,1.2215002130764407
2024-04-05,1.2151034248665256
2024-04-08,1.2155776460959227
2024-04-09,1.210784377247
2024-04-11,1.2071229834197061
2024-04-12,1.2017957148859948
2024-04-15,1.198154049557722
2024-04-16,1.179566910280145
2024-04-17,1.1705650513236174
2024-04-18,1.1864193227819346
2024-04-19,1.1721506975825868
2024-04-22,1.1791854249162717
2024-04-23,1.1793514560927734
2024-04-24,1.1914186916986849
2024-04-25,1.1769181639398334
2024-04-26,1.1845405211821276
2024-04-29,1.1917748593986859
2024-04-30,1.1965427136774158
2024-05-02,1.194749641241609
2024-05-03,1.1952305945331352
2024-05-07,1.215043611910859
2024-05-08,1.2176567982457371
2024-05-09,1.2087947293320767
2024-05-10,1.2129966520094633
2024-05-13,1.2114796742766938
2024-05-14,1.2130210046598215
2024-05-16,1.224008348338078
2024-05-17,1.2155234326817816
2024-05-20,1.2200593283583108
2024-05-21,1.2164343773932589
2024-05-22,1.2171380129401557
2024-05-23,1.217249017031365
2024-05-24,1.2039581580665948
2024-05-27,1.2151761865106414
2024-05-28,1.2166261268002323
2024-05-29,1.2038707088540195
2024-05-30,1.1897128576822793
2024-05-31,1.1888330806803544
2024-06-03,1.2036387584134831
2024-06-04,1.2005967058700424
2024-06-05,1.2096812346421666
2024-06-07,1.2214175774497495
2024-06-10,1.2121896846595412
2024-06-11,1.21276905202483
2024-06-12,1.221043170605072
2024-06-13,1.2278239476748243
2024-06-14,1.2321236646859794
2024-06-17,1.229206333636858
2024-06-18,1.2366913960567723
2024-06-19,1.2498404091256952
2024-06-20,1.2517639440596708
2024-06-21,1.2459339494145096
2024-06-24,1.2401889998796265
2024-06-25,1.2419766637220893
2024-06-26,1.2477382462642648
2024-06-27,1.2461149124624449
2024-06-28,1.251958203394677
2024-07-01,1.2512172614780974
2024-07-02,1.2469959146798504
2024-07-03,1.2508630614173204
2024-07-04,1.2628045019839285
2024-07-05,1.2765976275620123
2024-07-08,1.2754965937607092
2024-07-09,1.2792984019739235
2024-07-10,1.2785921895568273
2024-07-11,1.281694306192855
2024-07-12,1.2736662070476141
2024-07-15,1.2783608577827663
2024-07-16,1.2807343527383845
2024-07-17,1.2746493776902457
2024-07-18,1.268829036661714
2024-07-19,1.2593459482175355
2024-07-22,1.2515914496026774
2024-07-23,1.253493166247793
2024-07-24,1.2506714543147808
2024-07-25,1.2370654677330941
2024-07-26,1.2418685746378162
2024-07-29,1.2534048351725797
2024-07-30,1.2464028072605944
2024-07-31,1.256912423120873
2024-08-01,1.2596004001940482
2024-08-02,1.2304423906605293
2024-08-05,1.1677430277911618
2024-08-06,1.182054391201109
2024-08-07,1.1981705639433293
2024-08-08,1.1932072268318754
2024-08-09,1.202279553950792
2024-08-12,1.211074804784711
2024-08-13,1.2146165612587276
2024-08-14,1.222476493047683
2024-08-16,1.238995566131906
2024-08-19,1.232087149739477
2024-08-20,1.2385373121691627
2024-08-21,1.2379271051479253
2024-08-22,1.239717774766953
2024-08-23,1.238063969098321
2024-08-26,1.2356148299768253
2024-08-28,1.2297901087263918
2024-08-29,1.2191855405450893
2024-08-30,1.2227138183278259
2024-09-02,1.22061788835966
2024-09-03,1.2142785993502383
2024-09-04,1.1913363008354745
2024-09-05,1.1914554845350072
2024-09-06,1.1856842940593655
2024-09-09,1.179781633967741
2024-09-10,1.1780104419816837
2024-09-11,1.1733717598867999
2024-09-12,1.188872714664686
2024-09-13,1.1920123334418669
2024-09-19,1.1888398798849744
2024-09-20,1.1904283794634576
2024-09-23,1.1916340114544728
2024-09-24,1.2004819296310418
2024-09-25,1.190801025922499
2024-09-26,1.2145338714168021
2024-09-27,1.2117838853771905
2024-09-30,1.1952140331399916
2024-10-02,1.1904133798364034
2024-10-04,1.1873554263293464
2024-10-07,1.1946324533553307
2024-10-08,1.1899213569167812
2024-10-10,1.1912967050999341
2024-10-11,1.1920500709083328
2024-10-14,1.2007374796539152
2024-10-15,1.2045623364194005
2024-10-16,1.1998986142054369
2024-10-17,1.200989876546413
2024-10-18,1.1951676840616265
2024-10-21,1.197819284361407
2024-10-22,1.184254924252335
2024-10-23,1.1933745998112657
2024-10-24,1.1898296075043286
2024-10-25,1.1912129908632292
2024-10-28,1.1953647749223528
2024-10-29,1.1970743036701235
2024-10-31,1.181329652007698
2024-11-01,1.177236339936597
2024-11-04,1.1884784009555385
2024-11-06,1.1812527641482666
2024-11-07,1.1823253409792736
2024-11-08,1.1834620319826692
2024-11-11,1.172793986537251
2024-11-12,1.1592272037910567
2024-11-13,1.13871114420839
2024-11-14,1.1360933008677154
2024-11-15,1.1408495559092695
2024-11-18,1.1572753175274204
2024-11-19,1.1609535453299984
2024-11-20,1.1632037847546397
2024-11-21,1.1656667329197943
2024-11-22,1.1720776524615564
2024-11-25,1.1823658050116022
2024-11-26,1.180870968142629
2024-11-27,1.1763755464492525
2024-11-28,1.1778297638731716
2024-11-29,1.1660203794298714
2024-12-02,1.1693534534053853
2024-12-03,1.17889413489278
2024-12-04,1.1675034186029787
2024-12-05,1.1636067267487937
2024-12-06,1.159634354120938
2024-12-09,1.1443478402002252
2024-12-10,1.1574783185412245
2024-12-11,1.162912820115932
2024-12-12,1.1716089846332496
2024-12-13,1.1761058679453706
2024-12-16,1.1716156909890993
2024-12-17,1.160786397956873
2024-12-18,1.173033875557915
2024-12-19,1.1527670209244796
2024-12-20,1.1404994721519954
2024-12-23,1.1534382948229143
2024-12-24,1.152078960813154
2024-12-26,1.1470623166870335
2024-12-27,1.1450078200339564
2024-12-30,1.1436226850066333
2025-01-02,1.1446083051222045
2025-01-03,1.1596006152639333
2025-01-06,1.1728277946778196
2025-01-07,1.1752704382238701
2025-01-08,1.181431701542196
2025-01-09,1.1832479706528003
2025-01-10,1.1797533444249149
2025-01-13,1.1687574301206527
2025-01-14,1.1727666034369417
2025-01-15,1.1705273914515382
2025-01-16,1.1835959660154238
2025-01-17,1.1831775243055775
2025-01-20,1.182357834672739
2025-01-21,1.185090314481673
2025-01-22,1.19291789212106
2025-01-23,1.1849730255251094
2025-01-24,1.188328664155081
2025-01-31,1.1821100613978845
2025-02-03,1.1639210274244647
2025-02-04,1.172217659748492
2025-02-05,1.181114314235029
2025-02-06,1.189819021563152
2025-02-07,1.1836335222314984
2025-02-10,1.1852886119008084
2025-02-11,1.1903054378978501
2025-02-12,1.189900036347829
2025-02-13,1.1978502776737223
2025-02-14,1.2028267739775926
2025-02-17,1.2074944699473567
2025-02-18,1.2120393296337977
2025-02-19,1.2274007453358269
2025-02-20,1.2203187648588794
2025-02-21,1.2224395146100255
2025-02-24,1.2192984560833664
2025-02-25,1.21675837843528
2025-02-26,1.2220742492291974
2025-02-27,1.2192169115595213
2025-02-28,1.1965833098885754
2025-03-04,1.1952820905952757
2025-03-05,1.1978860452038222
2025-03-06,1.203554824330114
2025-03-07,1.2013117021142394
2025-03-10,1.20218539872672
2025-03-11,1.1951913370522766
2025-03-12,1.2067044027126217
2025-03-13,1.2027834892428624
2025-03-14,1.2054664094968577
2025-03-17,1.2198354111957699
2025-03-18,1.2224407206760195
2025-03-19,1.2275264865612086
2025-03-20,1.2336995793469385
2025-03-21,1.2363185620750294
2025-03-24,1.233556385642951
2025-03-25,1.2298574702915788
2025-03-26,1.2351057129271383
2025-03-27,1.2261521470974026
2025-03-28,1.2143463427663195
2025-03-31,1.1966868479382806
2025-04-01,1.2065975319152713
2025-04-02,1.2038685204518829
2025-04-03,1.196383418142162
2025-04-04,1.1914861081420633
2025-04-07,1.1526854233223582
2025-04-08,1.1509383623396794
2025-04-09,1.1376661096443068
2025-04-10,1.181279327569015
2025-04-11,1.178927380061444
2025-04-14,1.1839829729825246
2025-04-15,1.1923009366349275
2025-04-16,1.182248540145611
2025-04-17,1.1890057828971778
2025-04-18,1.1947425731981667
2025-04-21,1.196607643946103
2025-04-22,1.1937128257629717
2025-04-23,1.2072746802471401
2025-04-24,1.2052214081602717
2025-04-25,1.213794618239048
2025-04-28,1.2139906799429196
2025-04-29,1.2185321274800858
2025-04-30,1.218551017899967
2025-05-02,1.2181845723925424
2025-05-07,1.2238166248595672
2025-05-08,1.223695831117447
2025-05-09,1.2216483958235143
2025-05-12,1.2313749575087554
2025-05-13,1.2316639032099974
2025-05-14,1.241564470437879
2025-05-15,1.235763489028624
2025-05-16,1.2408382852641737
2025-05-19,1.2296333405410218
2025-05-20,1.2326041256211338
2025-05-21,1.23527173595278
2025-05-22,1.2254113879805142
2025-05-23,1.2258762856725172
2025-05-26,1.2379343401293919
2025-05-27,1.2422410645917819
2025-05-28,1.2524805167435822
2025-05-29,1.2654980875007487
2025-05-30,1.2564358387674197
2025-06-02,1.25640662146179
2025-06-04,1.2734414005580597
2025-06-05,1.2867774001105954
2025-06-09,1.301623158435851
2025-06-10,1.3054186114591853
2025-06-11,1.3146717050624581
2025-06-12,1.3156722036473103
2025-06-13,1.309325016545481
2025-06-16,1.3236392936576356
2025-06-17,1.3257089283393353
2025-06-18,1.3318593347034824
2025-06-19,1.3337257190272036
2025-06-20,1.344982337066694
2025-06-23,1.3444173097085088
2025-06-24,1.372911138789632
2025-06-25,1.3762802198303212
2025-06-26,1.3695990879928581
2025-06-27,1.364765952026007
2025-06-30,1.3689637831971713
2025-07-01,1.372565322475015
2025-07-02,1.366899146574608
2025-07-03,1.3805261247892424
2025-07-04,1.3639051811910397
2025-07-07,1.3646467391529884
2025-07-08,1.37916116816904
2025-07-09,1.381213782824676
2025-07-10,1.3944216235922697
2025-07-11,1.394710987396533
2025-07-14,1.3999276494249655
2025-07-15,1.405559622918903
2025-07-16,1.3974495122218151
2025-07-17,1.3974280743381065
2025-07-18,1.3980316452244212
2025-07-21,1.4061962136529793
2025-07-22,1.395765447717934
2025-07-23,1.3986593960490954
2025-07-24,1.3969550135133926
2025-07-25,1.398851756588741
2025-07-28,1.4048778061156937
2025-07-29,1.4103513025937038
2025-07-30,1.4191952874849356
2025-07-31,1.4173247064111365
2025-08-01,1.3809686385391988
2025-08-04,1.393043697726652
2025-08-05,1.4053973090214016
2025-08-06,1.404672428206405
2025-08-07,1.4122102065731765
2025-08-08,1.4103656734533616
2025-08-11,1.4105208525497677
2025-08-12,1.4066847584596847
2025-08-13,1.4147222408343945
2025-08-14,1.4151422686574553
2025-08-18,1.4003348726353029
2025-08-19,1.393119097180756
2025-08-20,1.3885671395074952
2025-08-21,1.3914888478227858
2025-08-22,1.3977387272468762
2025-08-25,1.4086588378170422
2025-08-26,1.4004116014599464
2025-08-27,1.4036747944116774
2025-08-28,1.4086012083343942
2025-08-29,1.4055834953010806
2025-09-01,1.389968826565599
2025-09-02,1.3979430853760642
2025-09-03,1.4000934031910357
2025-09-04,1.4042398305343944
2025-09-05,1.4091532064178494
2025-09-08,1.4128564848062388
2025-09-09,1.4262838181228215
2025-09-10,1.443432540858967
2025-09-11,1.449981552776946
2025-09-12,1.4679524354437299
2025-09-15,1.4734625331570348
2025-09-16,1.4883169645945673
2025-09-17,1.4787708757541038
2025-09-18,1.4956679748028117
2025-09-19,1.4895360311318908
2025-09-22,1.49724427544617
2025-09-23,1.5057182927165418
2025-09-24,1.5009320511980695
2025-09-25,1.4993561223573817
2025-09-26,1.4748820150143216
2025-09-29,1.4885925845782657
2025-09-30,1.4856557501994039
2025-10-01,1.4947175166967528
2025-10-02,1.5211146898518668
2025-10-10,1.5444429214793813
2025-10-13,1.5389891940182627
2025-10-14,1.531811552741924
2025-10-15,1.558163132768522
2025-10-16,1.5806017953273015
2025-10-17,1.5842427876019625
2025-10-20,1.6014583837913112
2025-10-21,1.6028397908541057
2025-10-22,1.6151414182971038
2025-10-23,1.6029496651377277
2025-10-24,1.6281335576149623
2025-10-27,1.6528019139339958
2025-10-28,1.6439155188598082
2025-10-29,1.6617463104631125
2025-10-30,1.6620695809319237
2025-10-31,1.6735580096268041
2025-11-03,1.7032852597467365
2025-11-04,1.6750507873879696
2025-11-05,1.645475835833059
2025-11-06,1.6468196216436477
2025-11-07,1.626533842133733
2025-11-10,1.656693223875983
2025-11-11,1.6672978080456244
2025-11-12,1.6721594093119752
2025-11-13,1.6790554984809596
2025-11-14,1.6325193809886496
2025-11-17,1.6544055860139135
2025-11-18,1.6235882430301292
2025-11-19,1.6163556248876148
2025-11-20,1.6352126667947526
2025-11-21,1.5967578221605578
2025-11-24,1.596029693416136
2025-11-25,1.604350762542058
2025-11-26,1.630910512304192
2025-11-27,1.6328947517235444
2025-11-28,1.6183920689887952
2025-12-01,1.614770589959556
2025-12-02,1.634939812920551
2025-12-03,1.643855569078373
2025-12-04,1.642660105857619
2025-12-05,1.6620345940443921
2025-12-08,1.6747587624646467
2025-12-09,1.6667014293129028
2025-12-10,1.6660307453045078
2025-12-11,1.6571686568499873
2025-12-12,1.6721640748017612
2025-12-15,1.6539390979459705
2025-12-16,1.6351340357117976
2025-12-17,1.6521013034675243
2025-12-18,1.6404527502410338
2025-12-19,1.6434522278779717
2025-12-22,1.6653084096650246
2025-12-23,1.6682157686939798
2025-12-24,1.6709114935301386
2025-12-26,1.6777599982454054
2025-12-29,1.7067149447876673
2025-12-30,1.7088112420933805
2026-01-02,1.737923318970739
2026-01-05,1.7758875795587417
2026-01-06,1.7950552890941058
2026-01-07,1.8064336944920663
2026-01-08,1.8068857333662536
2026-01-09,1.8123874887673548
2026-01-12,1.8191335961361605
2026-01-13,1.8306251601291579
2026-01-14,1.8369126592648617
2026-01-15,1.8509891543228207
2026-01-16,1.8638864267372257
2026-01-19,1.8767018163001399
2026-01-20,1.8617202631088956
2026-01-21,1.8732792600340726
2026-01-22,1.8881757306955296
2026-01-23,1.8938169284347601
2026-01-26,1.8865347577225184
2026-01-27,1.9261595284360509
2026-01-28,1.9495202954373378
2026-01-29,1.9610699364007007
2026-01-30,1.9623246700030252
2026-02-02,1.8935996302043052
2026-02-03,1.9775615938928344
2026-02-04,1.9918988151560566
2026-02-05,1.9424688907950651
2026-02-06,1.9282191465049858
2026-02-09,1.9738165950070736
2026-02-10,1.9805090655146256
2026-02-11,1.9939667350721304
2026-02-12,2.038469592092406
2026-02-13,2.0398617292201076
2026-02-19,2.078174551780433
2026-02-20,2.1088700584288893
2026-02-23,2.1162510177404887
2026-02-24,2.14606772425074
2026-02-25,2.1758026086544113
2026-02-26,2.2413283826779065
2026-02-27,2.229577470778125
2026-03-03,2.115065548338411
2026-03-04,1.9538388009370864
2026-03-05,2.0749869381494364
2026-03-06,2.072678002561145
2026-03-09,1.9835873066123313
2026-03-10,2.062594987652425
2026-03-11,2.0784372008110763
2026-03-12,2.067404701440903
2026-03-13,2.0395066710889007
2026-03-16,2.064066017982609
2026-03-17,2.088196818284508
2026-03-18,2.1652210509439933
2026-03-19,2.120395596598823
2026-03-20,2.11597143961705
2026-03-23,2.0230115725808004
2026-03-24,2.06298887724134
2026-03-25,2.0768248834810232
2026-03-26,2.0332879881516575
2026-03-27,2.0242295462240736
2026-03-30,1.9880853271171013
2026-03-31,1.9392354054580627
2026-04-01,2.056507910006938
2026-04-02,1.9888243473232656
2026-04-03,2.029418488064497
2026-04-06,2.0489394422406377
2026-04-07,2.0623170269792697
2026-04-08,2.166151982382053
2026-04-09,2.136556652403275
2026-04-10,2.1555478302942523
2026-04-13,2.142058022755448
2026-04-14,2.1839586979124963
2026-04-15,2.217642805071438
2026-04-16,2.244309573379986
2026-04-17,2.2325880341765645
2026-04-20,2.241462130000775
2026-04-21,2.2786368719467993
2026-04-22,2.2807527378471018
2026-04-23,2.2882573589661894
2026-04-24,2.281378919821889
2026-04-27,2.3128036141713317
2026-04-28,2.315555172386439
2026-04-29,2.32805483246073
2026-04-30,2.3057703318513347
2026-05-04,2.3814595994038514
2026-05-06,2.4893932688096747
2026-05-07,2.5245337010993283
